Customer_ID,Recency,Frequency,Monetary,Segment
17850,5.921578419643816,5.697093486505405,8.59271059842128,Regular
13047,3.4965075614664802,5.153291594497779,8.082877889943946,High Value
12583,1.3862943611198906,5.497168225293202,8.872231997611289,High Value
13748,4.574710978503383,3.367295829986474,6.855672199111912,Regular
15100,5.814130531825066,1.3862943611198906,6.776506992372183,At Risk
15291,3.295836866004329,4.624972813284271,8.360141641464116,High Value
14688,2.1972245773362196,5.783825182329737,8.626961976361729,High Value
17809,2.833213344056216,4.110873864173311,8.567937635212854,High Value
15311,0.6931471805599453,7.759614150696903,10.941232971298104,High Value
16098,4.48863636973214,4.219507705176107,7.604211977042565,Regular
18074,5.926926025970411,2.6390573296152584,6.195629131824389,At Risk
17420,3.9318256327243257,3.4339872044851463,6.3966462817363405,Regular
16029,3.6888794541139363,5.087596335232384,10.342127570602036,High Value
16250,5.568344503761097,3.2188758248682006,5.967274308306765,At Risk
12431,4.110873864173311,5.44673737166631,8.555088025980846,High Value
17511,1.3862943611198906,6.748759547491679,11.199696361683412,High Value
13705,2.1972245773362196,3.367295829986474,6.569285047698251,Regular
13747,5.926926025970411,0.6931471805599453,4.389498649512583,At Risk
13408,1.0986122886681098,6.148468295917647,10.189909331151156,High Value
13767,1.0986122886681098,5.8971538676367405,9.641535603055129,High Value
17924,2.5649493574615367,3.4657359027997265,7.994126281227893,Regular
13448,2.8903717578961645,5.272999558563747,8.170663750231064,High Value
15862,2.1972245773362196,4.997212273764115,6.726089507114236,High Value
15513,3.5263605246161616,5.720311776607412,9.56213603154386,High Value
12791,5.926926025970411,1.0986122886681098,5.265794174842477,At Risk
16218,3.4339872044851463,4.442651256490317,8.034527333444103,High Value
14307,4.499809670330265,5.198497031265826,8.005273636192019,Regular
17908,5.926926025970411,4.007333185232471,5.451167200642247,At Risk
17920,1.6094379124341003,6.499787040655854,8.308943178692019,High Value
12838,3.5553480614894135,4.795790545596741,6.5116710326797245,Regular
13255,2.302585092994046,2.6390573296152584,5.992738734985712,Regular
16583,5.926926025970411,2.70805020110221,5.457242345535596,At Risk
18085,5.802118375377063,3.4011973816621555,6.538067462249494,At Risk
13758,2.5649493574615367,4.762173934797756,8.049130078150908,High Value
13694,1.6094379124341003,6.061456918928017,10.616134863664339,High Value
15983,3.1354942159291497,4.727387818712341,7.29037473448544,Regular
14849,3.1354942159291497,5.961005339623274,8.968566855528678,High Value
17968,5.926926025970411,4.406719247264253,5.583872177983643,At Risk
16210,1.0986122886681098,4.718498871295094,8.71836594264548,High Value
17897,5.159055299214529,4.6913478822291435,6.2967593507829065,Regular
17377,3.2188758248682006,6.003887067106539,8.30877075088342,High Value
16552,5.497168225293202,2.8903717578961645,5.9420904624901825,At Risk
17181,4.060443010546419,3.1354942159291497,5.08586644477257,At Risk
17951,3.713572066704308,3.044522437723423,6.917250060543926,Regular
14729,5.926926025970411,4.276666119016055,5.750952279132591,At Risk
12748,0.6931471805599453,8.388222810119277,10.330563782347145,High Value
15012,4.007333185232471,4.812184355372417,6.00645167691623,Regular
12868,5.231108616854587,4.68213122712422,7.3827837624756185,Regular
17572,4.276666119016055,2.5649493574615367,5.428248536140067,At Risk
14078,4.634728988229636,4.189654742026425,6.956897762032364,Regular
14001,3.8501476017100584,3.6888794541139363,7.622703089500935,Regular
12662,0.6931471805599453,5.442417710521793,8.256031004164345,High Value
15525,1.0986122886681098,5.056245805348308,6.600373773909423,High Value
14237,5.924255797414532,2.302585092994046,5.087596335232384,At Risk
17905,5.062595033026967,3.4965075614664802,6.427685152136138,Regular
15485,3.4339872044851463,4.454347296253507,7.849908670382019,Regular
12433,0.6931471805599453,6.028278520230698,9.461683355404942,High Value
16955,5.225746673713202,3.258096538021482,6.25319399473728,At Risk
15350,5.924255797414532,1.791759469228055,4.759177998467439,At Risk
15605,3.6109179126442243,4.219507705176107,7.089434963153261,Regular
18144,3.4657359027997265,3.6635616461296463,7.455732168378921,Regular
15922,5.924255797414532,2.4849066497880004,5.914853444736141,At Risk
14594,2.0794415416798357,3.970291913552122,5.898060050335743,Regular
15165,5.924255797414532,3.332204510175204,6.1918511112995755,At Risk
14911,0.6931471805599453,8.6347984334905,11.810642097401072,High Value
16456,4.605170185988092,4.709530201312334,7.677483798971011,Regular
17346,1.6094379124341003,6.182084906716632,7.872409417310936,High Value
17643,5.924255797414532,2.1972245773362196,4.63035048451839,At Risk
17841,1.0986122886681098,8.945462952177666,10.607635007614938,High Value
17873,4.394449154672439,3.784189633918261,7.522919296216998,Regular
13093,5.6240175061873385,5.075173815233827,8.966160858120457,Regular
12921,2.302585092994046,6.580639137284949,9.716440246960428,High Value
17760,3.1354942159291497,3.258096538021482,5.665006995704794,Regular
13468,1.0986122886681098,5.713732805509369,8.64926827413607,High Value
16928,4.394449154672439,5.3230099791384085,7.942966177511865,High Value
16048,5.924255797414532,2.1972245773362196,5.550786683244073,At Risk
16274,5.924255797414532,4.189654742026425,5.865759590732924,At Risk
14496,5.746203190540153,2.995732273553991,6.2912172257920815,At Risk
14696,1.6094379124341003,4.875197323201151,7.640099133944896,High Value
16539,1.3862943611198906,3.828641396489095,7.236922326134238,High Value
17025,4.127134385045092,2.302585092994046,5.882681514648826,At Risk
13777,0.6931471805599453,5.117993812416755,9.44371302716394,High Value
17690,3.4339872044851463,5.53338948872752,8.461215257006781,High Value
12947,4.976733742420574,4.584967478670572,7.380872805015112,Regular
17460,4.553876891600541,3.4011973816621555,6.435236489370733,Regular
18229,2.5649493574615367,5.10594547390058,8.892597638039238,High Value
14142,5.924255797414532,3.1354942159291497,5.745595977469612,At Risk
17069,3.367295829986474,4.969813299576001,7.904962183102404,High Value
13065,5.924255797414532,2.70805020110221,5.3320422359496575,At Risk
14606,0.6931471805599453,7.8928255262511176,9.399070516501299,High Value
16835,4.859812404361672,2.3978952727983707,5.203182171432998,At Risk
15235,5.389071729816501,4.969813299576001,7.718023053610256,Regular
13576,2.3978952727983707,4.844187086458591,8.812596379192264,High Value
18011,5.924255797414532,3.367295829986474,4.642369626977198,At Risk
13090,2.302585092994046,5.049856007249537,9.095133764476559,High Value
15694,0.6931471805599453,4.356708826689592,8.754974683414556,High Value
14741,2.5649493574615367,4.07753744390572,7.176055735500016,Regular
13715,5.641907070938114,4.653960350157523,6.983224467118015,Regular
17732,5.924255797414532,2.9444389791664403,5.7202134111139475,At Risk
12855,5.924255797414532,1.3862943611198906,3.66612246699132,At Risk
15752,3.713572066704308,6.0063531596017325,7.873826161018318,High Value
17855,5.924255797414532,2.8903717578961645,5.346964663369558,At Risk
14047,2.302585092994046,3.4965075614664802,7.177484661947136,Regular
17925,5.924255797414532,0.6931471805599453,5.501584687857454,At Risk
17017,1.3862943611198906,5.5254529391317835,9.05344091772765,High Value
13941,3.1354942159291497,3.713572066704308,8.379098258807893,High Value
14135,1.0986122886681098,4.890349128221754,8.40722429568992,High Value
13108,5.924255797414532,2.3978952727983707,5.8609571490281995,At Risk
15601,2.4849066497880004,6.018593214496234,8.821372434155471,High Value
13418,2.5649493574615367,5.720311776607412,8.720693878671442,High Value
15658,5.25227342804663,3.8918202981106265,6.932545447789356,Regular
14388,2.3978952727983707,5.231108616854587,8.07522176285542,High Value
14901,2.4849066497880004,4.574710978503383,7.260023527685966,High Value
18041,2.5649493574615367,6.129050210060545,8.318344612668472,High Value
15955,3.2188758248682006,5.214935757608986,8.393274873346142,High Value
15070,5.924255797414532,0.6931471805599453,4.674696248636701,At Risk
16244,5.3612921657094255,4.5217885770490405,7.328929680795481,Regular
15111,3.4011973816621555,4.442651256490317,7.357862276513416,Regular
14390,2.3978952727983707,5.652489180268651,8.443238745938231,High Value
16546,5.676753802268282,3.258096538021482,6.669688427072551,At Risk
15260,4.61512051684126,4.356708826689592,7.502059546979103,Regular
14491,5.170483995038151,2.8903717578961645,5.834606037750557,At Risk
13305,1.6094379124341003,4.406719247264253,7.601832027360015,High Value
14060,1.791759469228055,5.293304824724492,8.682134584378655,High Value
15923,5.924255797414532,3.091042453358316,4.852655068688459,At Risk
16752,5.924255797414532,2.302585092994046,5.339939041238856,At Risk
17287,3.295836866004329,4.812184355372417,6.956602584376121,Regular
15363,5.924255797414532,2.833213344056216,5.7899601708972535,At Risk
12915,5.0106352940962555,3.1354942159291497,5.898937989430242,At Risk
15544,2.302585092994046,5.560681631015528,8.174057603899483,High Value
15738,2.995732273553991,5.159055299214529,8.479163129156776,High Value
15827,4.30406509320417,4.7535901911063645,7.515938076938256,Regular
14180,2.4849066497880004,5.484796933490655,8.465798839290947,High Value
13117,3.1354942159291497,4.343805421853684,6.893565072546089,Regular
16916,3.2188758248682006,4.919980925828125,6.334007604663525,Regular
17964,3.4965075614664802,4.59511985013459,6.140337036046906,Regular
14466,3.4011973816621555,4.290459441148391,7.72903178725261,Regular
17235,3.258096538021482,3.4011973816621555,6.311843696146471,Regular
16510,5.921578419643816,2.6390573296152584,5.517854422268135,At Risk
17802,4.418840607796598,4.948759890378168,7.159323008512906,Regular
15107,5.7430031878094825,2.833213344056216,5.7698822763607245,At Risk
17976,5.921578419643816,4.060443010546419,5.7770019569816125,At Risk
14449,2.995732273553991,5.5254529391317835,6.787619477742156,High Value
16781,5.921578419643816,2.8903717578961645,5.743804149005687,At Risk
13491,3.970291913552122,4.465908118654584,7.103996177364903,Regular
16186,3.1780538303479458,5.389071729816501,8.296032672592768,High Value
17685,2.8903717578961645,4.852030263919617,8.057323638517671,High Value
17581,0.6931471805599453,6.0867747269123065,9.308033165645913,High Value
15732,5.3612921657094255,2.70805020110221,5.68738205328842,At Risk
13138,3.1354942159291497,4.1588830833596715,6.870458314237744,Regular
15823,5.921578419643816,0.6931471805599453,2.772588722239781,At Risk
17567,2.0794415416798357,5.10594547390058,8.318859319010603,High Value
15061,1.6094379124341003,5.8377304471659395,10.522869240750985,High Value
16203,4.0943445622221,3.58351893845611,6.386710955021814,Regular
15640,1.6094379124341003,6.163314804034641,9.388746774546252,High Value
15574,5.187385805840755,5.030437921392435,6.517139373724178,Regular
16770,4.07753744390572,4.948759890378168,6.630815303062258,Regular
17838,3.332204510175204,4.762173934797756,7.888379510978491,High Value
17228,2.833213344056216,5.342334251964811,7.553333799033199,High Value
14829,3.4011973816621555,3.7612001156935624,6.549006758096496,Regular
17412,1.3862943611198906,4.204692619390966,7.138120689779327,High Value
14031,2.0794415416798357,5.4680601411351315,9.418149347369734,High Value
14775,4.07753744390572,4.110873864173311,6.9205727826927514,Regular
12971,1.6094379124341003,5.703782474656201,9.24460555752905,High Value
17659,2.8903717578961645,5.0689042022202315,8.006520889229225,High Value
15299,4.219507705176107,1.3862943611198906,7.479214936284978,At Risk
15646,5.0689042022202315,3.58351893845611,6.106220784406171,At Risk
13402,4.852030263919617,3.6888794541139363,6.433309799308897,Regular
17757,0.6931471805599453,6.606650186198215,8.583428397369728,High Value
13011,5.921578419643816,1.3862943611198906,3.942552210462969,At Risk
16634,5.4116460518550396,2.302585092994046,5.388615004528817,At Risk
18239,5.393627546352362,4.48863636973214,7.354112779132593,Regular
14576,5.921578419643816,0.6931471805599453,3.594568774642695,At Risk
13145,3.713572066704308,1.9459101490553132,6.428944984648157,At Risk
18168,5.176149732573829,4.875197323201151,7.057071434162108,Regular
14395,1.0986122886681098,5.855071922202427,8.15504903283773,High Value
14865,2.0794415416798357,1.6094379124341003,3.9740583963475986,At Risk
15093,2.9444389791664403,4.634728988229636,8.333678923625222,High Value
16150,3.784189633918261,4.770684624465665,7.627554127539443,Regular
12738,5.921578419643816,2.4849066497880004,5.05209708390385,At Risk
17552,4.110873864173311,3.912023005428146,6.836699567016301,Regular
14236,4.406719247264253,2.772588722239781,6.198194123153937,At Risk
17961,3.091042453358316,5.521460917862246,7.1681483711962475,High Value
14573,5.198497031265826,5.429345628954441,7.402951395859895,Regular
17135,2.833213344056216,3.970291913552122,7.039423687328594,Regular
17396,3.6888794541139363,3.1780538303479458,8.636326426254435,Regular
12967,5.883322388488279,2.995732273553991,7.415716805133478,At Risk
12686,5.921578419643816,2.0794415416798357,4.501364017262502,At Risk
13370,5.921578419643816,3.6888794541139363,6.62786940372116,At Risk
16883,5.236441962829949,3.6375861597263857,5.611228493045593,At Risk
13520,4.0943445622221,4.543294782270004,8.195706114352095,Regular
16905,1.791759469228055,5.298317366548036,8.019152162009666,High Value
12841,1.791759469228055,6.028278520230698,8.292192917458863,High Value
12427,3.1354942159291497,3.4339872044851463,6.6415998370746365,Regular
17967,5.921578419643816,3.7612001156935624,4.729774349212622,At Risk
16891,1.0986122886681098,5.231108616854587,6.6112746121740065,High Value
14589,5.921578419643816,1.3862943611198906,3.7074558396868715,At Risk
14156,2.3978952727983707,7.140453043101158,11.195396231372136,High Value
14680,3.258096538021482,5.53338948872752,10.151698670526883,High Value
17884,1.6094379124341003,4.736198448394496,6.545450229989766,High Value
12557,2.833213344056216,3.091042453358316,7.824981573081442,Regular
14083,1.6094379124341003,5.181783550292085,6.911647693697481,High Value
13013,0.6931471805599453,5.393627546352362,8.478855608188903,High Value
14210,4.672828834461906,4.634728988229636,7.553202700664662,Regular
16477,4.174387269895637,4.990432586778736,7.822228359929267,Regular
12600,3.4011973816621555,4.174387269895637,7.863282108506616,Regular
16013,1.6094379124341003,4.6913478822291435,9.779149202680093,High Value
17949,2.1972245773362196,3.091042453358316,9.10084576717988,High Value
12779,3.6635616461296463,5.0106352940962555,8.289629887368429,High Value
16926,5.918893854273146,2.70805020110221,5.443499376392535,At Risk
17787,5.0369526024136295,4.859812404361672,7.505789260335805,Regular
12682,1.6094379124341003,6.261491684321042,9.383804483832874,High Value
17954,1.791759469228055,6.16541785423142,7.693559121880844,High Value
14723,2.3978952727983707,5.560681631015528,7.024079473268938,High Value
17819,4.290459441148391,3.8918202981106265,8.217673327978565,Regular
12712,3.4011973816621555,4.897839799950911,8.388707334356674,High Value
16140,4.204692619390966,3.5263605246161616,6.297661653557477,Regular
15373,2.1972245773362196,4.890349128221754,7.79024514376692,High Value
17198,3.2188758248682006,4.574710978503383,6.541347409127499,Regular
17238,1.3862943611198906,6.320768294250582,8.221505828626315,High Value
12793,5.817111159963204,3.2188758248682006,6.303497710423594,At Risk
15769,2.0794415416798357,3.713572066704308,8.871185339875208,High Value
14396,4.189654742026425,4.30406509320417,6.192342039368019,Regular
14898,3.1780538303479458,4.68213122712422,6.992895740233209,Regular
12725,5.918893854273146,3.2188758248682006,6.060990609756592,At Risk
16725,5.713732805509369,4.983606621708336,6.632357445363575,Regular
12395,2.995732273553991,5.056245805348308,8.012889586306857,High Value
16455,4.174387269895637,4.605170185988092,7.518704931910683,Regular
13081,2.5649493574615367,6.92951677076365,10.248765901285433,High Value
15545,4.007333185232471,4.394449154672439,5.669777469353516,Regular
17243,0.6931471805599453,5.961005339623274,9.052639230044456,High Value
15465,3.044522437723423,4.584967478670572,8.903219925879805,High Value
13089,1.3862943611198906,7.496097345175956,10.931161507102932,High Value
16033,1.9459101490553132,7.029087564149662,9.080211185280058,High Value
13838,1.9459101490553132,5.111987788356544,6.515926768396882,High Value
18055,2.0794415416798357,5.883322388488279,8.819124262985744,High Value
15038,4.0943445622221,4.836281906951478,6.531955763529723,Regular
18109,1.0986122886681098,6.077642243349034,8.873131864374,High Value
13069,0.6931471805599453,6.045005314036012,8.310582220736388,High Value
16241,2.3978952727983707,6.486160788944089,7.859918818329966,High Value
14800,3.8918202981106265,5.950642552587727,8.373966955298872,High Value
15708,3.7376696182833684,5.6131281063880705,8.082170531065747,High Value
16839,2.302585092994046,5.552959584921617,9.65106901495081,High Value
16168,2.4849066497880004,4.584967478670572,8.169291081959216,High Value
16931,1.791759469228055,6.787844982309579,8.424171790358395,High Value
16814,2.70805020110221,5.768320995793772,8.766815077043479,High Value
15351,2.5649493574615367,5.393627546352362,7.568203632578843,High Value
13269,0.6931471805599453,5.755742213586912,8.583782109053482,High Value
14813,5.916202062607435,3.4011973816621555,5.0361730778840945,At Risk
12567,3.1780538303479458,6.102558594613569,9.148707492038316,High Value
17062,5.752572638825633,4.248495242049359,6.281013625618804,Regular
15332,5.905361848054571,3.58351893845611,7.415813075846797,Regular
14810,3.7376696182833684,5.541263545158426,7.643161820556003,High Value
16353,1.6094379124341003,4.553876891600541,8.806380630235296,High Value
18118,2.4849066497880004,7.142036574706803,8.63516820864298,High Value
13831,2.833213344056216,4.276666119016055,7.535323397229264,High Value
13506,5.75890177387728,3.295836866004329,6.130182466419805,At Risk
17796,3.713572066704308,4.406719247264253,6.53813982376767,Regular
15716,4.990432586778736,4.770684624465665,7.00498180324312,Regular
18156,2.6390573296152584,4.812184355372417,6.517139373724178,Regular
16983,2.6390573296152584,4.969813299576001,7.5532184333763785,High Value
17059,3.4339872044851463,6.244166900663736,8.033136072864288,High Value
16327,2.70805020110221,5.762051382780177,8.248338107080782,High Value
17211,3.332204510175204,5.356586274672012,7.748554928800743,High Value
17026,5.225746673713202,1.6094379124341003,5.048765669457523,At Risk
15570,2.0794415416798357,5.768320995793772,8.33082023879011,High Value
15880,5.91350300563827,4.574710978503383,5.799183559419454,Regular
16718,5.91350300563827,3.8066624897703196,6.408611159989984,At Risk
15808,5.726847747587197,5.278114659230517,8.20310417107402,Regular
17858,1.9459101490553132,5.236441962829949,8.163274445671222,High Value
16393,1.0986122886681098,5.793013608384144,8.020257323488867,High Value
14527,1.3862943611198906,6.879355804460439,9.048777455940112,High Value
14161,5.37989735354046,4.653960350157523,7.0018101257309775,Regular
17863,4.0943445622221,4.997212273764115,8.02858557621668,High Value
16411,2.995732273553991,3.8066624897703196,5.3598827222061916,Regular
16402,5.583496308781699,4.060443010546419,5.685109209390579,At Risk
15023,1.3862943611198906,6.317164686747284,8.81305323293633,High Value
17402,1.791759469228055,4.0943445622221,7.8765815333589115,High Value
15426,2.995732273553991,5.62040086571715,7.247842402590825,High Value
12647,3.1354942159291497,4.804021044733257,8.222505302105255,High Value
15894,5.537334267018537,3.6375861597263857,5.557792847109637,At Risk
15867,1.791759469228055,6.131226489483141,8.24568363596401,High Value
12472,3.4965075614664802,5.8289456176102075,8.790742363252102,High Value
14506,2.8903717578961645,5.69035945432406,7.5815412348134545,High Value
15555,2.5649493574615367,6.78897174299217,8.475508324728846,High Value
13034,4.02535169073515,3.6375861597263857,6.467341519456512,Regular
15889,5.062595033026967,4.454347296253507,6.042799090644775,Regular
15953,2.772588722239781,4.584967478670572,7.413536199603394,High Value
16143,1.3862943611198906,4.770684624465665,7.793974357128903,High Value
12720,1.3862943611198906,5.869296913133774,8.652872026634535,High Value
16422,2.8903717578961645,5.749392985908253,10.128354418090998,High Value
12747,1.0986122886681098,4.6443908991413725,8.342127645985029,High Value
15502,2.833213344056216,5.3471075307174685,9.16009179483937,High Value
12763,4.9344739331306915,2.9444389791664403,6.204719365671822,At Risk
14081,5.713732805509369,5.017279836814924,6.827217448755657,Regular
17965,3.6635616461296463,5.786897381366708,7.863339798262662,High Value
14404,3.5553480614894135,4.61512051684126,7.2795395007214125,Regular
13579,2.772588722239781,3.1780538303479458,6.148553762350757,Regular
13174,2.833213344056216,5.683579767338681,7.917106389026516,High Value
15987,2.5649493574615367,4.852030263919617,6.985114389026472,High Value
17677,1.0986122886681098,5.717027701406222,9.701761745083482,High Value
13652,3.8501476017100584,4.1588830833596715,6.999495457544853,Regular
17428,0.6931471805599453,5.780743515792329,9.69924487402048,High Value
16858,5.91350300563827,2.3978952727983707,5.931422568022302,At Risk
16161,1.0986122886681098,6.156978985585555,8.618787222769154,High Value
18219,1.3862943611198906,4.74493212836325,7.635675797768084,High Value
14293,1.3862943611198906,4.127134385045092,6.954218929392177,High Value
16638,3.1780538303479458,4.553876891600541,7.427572358185583,Regular
14748,3.4011973816621555,4.499809670330265,7.256120795049728,Regular
17674,4.31748811353631,3.295836866004329,5.989963420981715,At Risk
12808,3.6375861597263857,3.367295829986474,6.183426980938617,Regular
13094,3.091042453358316,3.1354942159291497,7.392056212928697,Regular
15899,5.91350300563827,1.6094379124341003,4.047427642434349,At Risk
12708,3.4339872044851463,5.062595033026967,7.906145678459555,High Value
15898,0.6931471805599453,4.442651256490317,7.233332667405506,High Value
14443,4.007333185232471,4.543294782270004,7.259256864146872,Regular
17691,5.883322388488279,2.995732273553991,5.674696893761104,At Risk
17227,2.995732273553991,3.871201010907891,6.84622024286434,Regular
15919,3.044522437723423,4.812184355372417,6.266612140168987,Regular
15039,2.3978952727983707,7.297091005160418,9.871191091323615,High Value
13497,5.648974238161206,2.995732273553991,5.855215178416411,At Risk
15860,3.7376696182833684,4.941642422609304,6.87332945196712,Regular
15304,4.127134385045092,3.1780538303479458,6.544487219573761,Regular
14189,1.0986122886681098,5.579729825986222,8.441995394850336,High Value
14344,4.852030263919617,4.276666119016055,6.7922658609726465,Regular
16719,2.772588722239781,5.2832037287379885,7.479423853670205,High Value
15048,4.189654742026425,4.553876891600541,5.945420608606575,Regular
15301,3.9512437185814275,5.488937726156687,8.395804914681214,High Value
16898,3.295836866004329,5.062595033026967,6.218659878862289,Regular
14708,1.3862943611198906,3.332204510175204,6.896825768889411,Regular
14825,1.6094379124341003,4.795790545596741,7.706167470639493,High Value
18113,5.91350300563827,0.6931471805599453,4.34795265434013,At Risk
17596,3.1780538303479458,5.556828061699537,7.822524854484353,High Value
15078,2.0794415416798357,6.089044875446846,9.184418278884316,High Value
14085,1.0986122886681098,6.1070228877422545,8.394412940452025,High Value
17860,5.91350300563827,3.970291913552122,5.426930434016013,At Risk
13155,3.5263605246161616,4.454347296253507,6.880137391945464,Regular
15028,2.1972245773362196,3.8918202981106265,6.442747151414763,Regular
16919,5.056245805348308,5.7899601708972535,7.8606671943119375,Regular
17259,5.003946305945459,4.762173934797756,6.366865558668267,Regular
17019,2.4849066497880004,5.43372200355424,7.138136574519652,High Value
16722,2.8903717578961645,5.4116460518550396,8.443014755241522,High Value
15882,5.298317366548036,3.1780538303479458,6.248738957138337,At Risk
16710,2.995732273553991,5.978885764901122,7.811564439114215,High Value
14667,2.4849066497880004,6.340359303727752,9.11773812241702,High Value
15984,1.3862943611198906,5.54907608489522,7.850894346984606,High Value
14487,3.332204510175204,4.948759890378168,7.06174594600803,Regular
17682,2.3978952727983707,4.77912349311153,7.814128999448025,High Value
16658,5.910796644040527,2.1972245773362196,4.822215178840431,At Risk
16550,4.700480365792417,5.529429087511423,7.740651358353913,Regular
17068,2.5649493574615367,5.6937321388027,8.423572383818774,High Value
15356,3.4657359027997265,6.214608098422191,7.908030478039789,High Value
17223,5.739792912179234,3.8918202981106265,6.035218239997905,At Risk
16817,1.3862943611198906,4.465908118654584,7.381346216137902,High Value
13030,2.4849066497880004,4.532599493153256,6.6246493864952445,Regular
17191,3.367295829986474,5.4680601411351315,7.647156076059518,High Value
15194,1.3862943611198906,5.736572297479192,8.907277959485809,High Value
14409,4.276666119016055,3.9889840465642745,7.5694375919115044,Regular
16654,4.955827057601261,3.4011973816621555,6.400705849743913,Regular
13495,2.1972245773362196,3.8918202981106265,7.623578405880983,High Value
17519,2.8903717578961645,4.418840607796598,7.520245396524275,High Value
17218,1.6094379124341003,5.605802066295998,7.577106569775595,High Value
17812,2.6390573296152584,4.897839799950911,6.552236808926767,Regular
14215,2.5649493574615367,4.6913478822291435,7.490373052597007,High Value
15602,2.1972245773362196,3.8501476017100584,7.16924993468027,Regular
17320,4.61512051684126,4.30406509320417,7.091425925345387,Regular
12913,1.791759469228055,3.9318256327243257,7.817879034084852,High Value
17869,4.68213122712422,3.713572066704308,6.061876411348347,Regular
13564,4.976733742420574,4.406719247264253,7.453370659852556,Regular
13963,5.733341276897746,3.58351893845611,6.500598741212994,At Risk
17450,2.1972245773362196,5.220355825078324,10.165777968123011,High Value
17091,1.3862943611198906,5.278114659230517,8.250296269962053,High Value
17470,3.828641396489095,4.3694478524670215,7.02648897373005,Regular
15649,5.820082930352362,1.0986122886681098,6.705639094860003,At Risk
12681,2.772588722239781,6.459904454377535,9.531593091360708,High Value
14907,1.3862943611198906,5.111987788356544,8.161118067549472,High Value
17735,1.0986122886681098,6.53813982376767,9.481208376934894,High Value
16059,4.204692619390966,5.187385805840755,7.282183693304844,Regular
17720,3.295836866004329,3.9318256327243257,7.087523578988375,Regular
15018,3.6888794541139363,3.4657359027997265,6.209012472065032,Regular
15838,2.4849066497880004,4.927253685157205,9.740608558222798,High Value
14733,2.833213344056216,5.313205979041787,9.168153905320404,High Value
13756,1.0986122886681098,4.955827057601261,8.483702589771783,High Value
14176,5.697093486505405,3.4657359027997265,6.359400843323733,At Risk
15353,5.545177444479562,4.127134385045092,6.647844003475713,Regular
18119,5.910796644040527,3.4011973816621555,5.202356975402125,At Risk
17491,0.6931471805599453,4.68213122712422,8.08782158664759,High Value
14282,1.3862943611198906,5.043425116919247,8.216747340743936,High Value
13569,2.8903717578961645,4.382026634673881,5.8278273455181555,Regular
14673,1.3862943611198906,4.31748811353631,7.46014502182582,High Value
13488,2.8903717578961645,6.0473721790462776,9.101564029017187,High Value
16221,3.6375861597263857,4.564348191467836,6.759092844480235,Regular
15002,4.762173934797756,4.7535901911063645,7.404133033112973,Regular
15965,2.8903717578961645,4.718498871295094,6.696873740958812,Regular
15024,2.3978952727983707,5.030437921392435,7.400883218504078,High Value
17675,0.6931471805599453,6.559615237493242,9.922077680345927,High Value
13769,1.0986122886681098,4.912654885736052,7.936485014799888,High Value
16904,1.6094379124341003,6.501289670540389,8.203782970391725,High Value
16086,4.0943445622221,3.6888794541139363,7.023215619268875,Regular
13786,5.908082938168931,2.0794415416798357,5.444147814759576,At Risk
13880,3.091042453358316,5.111987788356544,8.077375740386112,High Value
13173,1.6094379124341003,3.784189633918261,5.871131387648096,Regular
15858,2.833213344056216,5.241747015059643,7.264429222920369,High Value
15180,5.908082938168931,1.9459101490553132,4.483002552013883,At Risk
12347,1.0986122886681098,5.204006687076795,8.309283020742617,High Value
14739,1.6094379124341003,3.9889840465642745,8.050014368645265,High Value
16293,3.1354942159291497,4.77912349311153,7.718681050744145,High Value
17419,2.4849066497880004,5.332718793265369,8.349382638885205,High Value
16775,2.3978952727983707,5.062595033026967,7.433967913188473,High Value
16306,5.3706380281276624,3.7376696182833684,6.450896871486089,Regular
16950,4.060443010546419,3.7612001156935624,7.072896766566239,Regular
17591,4.30406509320417,5.062595033026967,7.698333116816846,Regular
16125,5.908082938168931,2.6390573296152584,5.671087091818059,At Risk
13807,5.908082938168931,2.0794415416798357,4.732683506287051,At Risk
12839,1.3862943611198906,5.752572638825633,8.629167388389371,High Value
15081,3.1354942159291497,3.5263605246161616,6.226141334235865,Regular
18102,0.6931471805599453,5.60947179518496,11.233394349693771,High Value
16365,2.9444389791664403,3.9512437185814275,7.340459348477051,Regular
14821,5.908082938168931,1.0986122886681098,3.9080149840306073,At Risk
16863,3.4657359027997265,3.295836866004329,6.22217936391851,Regular
13078,1.3862943611198906,5.8664680569332965,9.351574273965314,High Value
13267,1.3862943611198906,5.356586274672012,8.416818006100614,High Value
13050,2.772588722239781,6.0014148779611505,8.672119570311168,High Value
12709,2.772588722239781,5.337538079701318,9.180656121866383,High Value
15628,1.791759469228055,5.049856007249537,7.962499271193586,High Value
12386,5.82600010738045,2.3978952727983707,5.998688392197302,At Risk
16779,1.0986122886681098,5.805134968916488,9.26980856067564,High Value
13599,0.6931471805599453,5.5093883366279774,8.546930618480117,High Value
13329,3.4965075614664802,2.8903717578961645,6.672032945461067,Regular
18077,2.1972245773362196,5.4116460518550396,7.85763938171581,High Value
14744,2.833213344056216,3.295836866004329,7.00395597125342,Regular
17406,5.811140992976701,4.718498871295094,7.689563308737489,Regular
15750,1.3862943611198906,5.676753802268282,7.809561616655318,High Value
13983,3.4339872044851463,4.68213122712422,7.864969120264265,High Value
13842,4.0943445622221,5.332718793265369,8.127587652841866,High Value
14796,0.6931471805599453,7.0326242610280065,8.984253744057574,High Value
12441,5.908082938168931,2.4849066497880004,5.162211233551045,At Risk
13199,1.6094379124341003,4.672828834461906,8.911939726982474,High Value
14032,1.0986122886681098,4.969813299576001,7.998533628991687,High Value
17706,1.6094379124341003,5.948034989180646,9.259653256646303,High Value
16081,4.04305126783455,5.4116460518550396,7.93752468491442,High Value
16525,1.0986122886681098,5.087596335232384,9.252484691838797,High Value
17975,2.772588722239781,5.683579767338681,8.408328766453955,High Value
16122,4.30406509320417,3.6375861597263857,6.329043314155675,Regular
15973,5.908082938168931,1.6094379124341003,5.732758582892719,At Risk
13126,1.791759469228055,4.948759890378168,7.6499973391858,High Value
16558,0.6931471805599453,6.133398042996649,9.028757342403852,High Value
16893,5.908082938168931,3.828641396489095,4.989956282887855,At Risk
15021,2.302585092994046,6.09807428216624,7.535173897253012,High Value
15529,3.1780538303479458,6.4967749901858625,8.284907982184745,High Value
15498,1.3862943611198906,6.240275845170769,9.496826729846124,High Value
18043,3.258096538021482,4.7535901911063645,6.273424026714671,Regular
16016,1.3862943611198906,5.41610040220442,7.290640707350956,High Value
17722,4.574710978503383,4.7535901911063645,7.793603298080906,Regular
17324,2.9444389791664403,3.912023005428146,6.895156243405622,Regular
17341,5.062595033026967,5.062595033026967,6.5269193668194045,Regular
14051,0.6931471805599453,5.351858133476067,9.655756055028828,High Value
16233,4.276666119016055,3.1354942159291497,6.287263587661711,Regular
16385,4.110873864173311,4.060443010546419,6.320516463982851,Regular
15032,5.54907608489522,3.8918202981106265,8.199766432780896,Regular
16713,2.995732273553991,6.424869023905388,8.79464612415127,High Value
18061,3.1354942159291497,3.8066624897703196,7.442568876895229,Regular
17213,3.713572066704308,5.062595033026967,7.931008043401064,High Value
15916,2.833213344056216,5.0238805208462765,7.3157904150707145,High Value
15221,5.905361848054571,1.791759469228055,6.002033498457216,At Risk
13455,3.258096538021482,3.8501476017100584,6.965401351674954,Regular
13113,0.6931471805599453,5.298317366548036,9.26359294572178,High Value
14217,1.0986122886681098,4.61512051684126,7.603887998382448,High Value
17262,3.970291913552122,2.5649493574615367,7.134380761332616,Regular
18259,3.258096538021482,3.7612001156935624,7.757735253568871,Regular
17676,1.6094379124341003,4.356708826689592,7.224155995015752,High Value
16679,5.905361848054571,1.3862943611198906,4.873287102945032,At Risk
18269,5.905361848054571,2.0794415416798357,5.133442723357803,At Risk
12766,1.6094379124341003,5.739792912179234,8.852325959921869,High Value
15298,1.0986122886681098,5.2574953720277815,8.245620660697524,High Value
13523,3.5263605246161616,5.153291594497779,8.285483051435902,High Value
15005,2.833213344056216,7.014814351275545,8.74772855584191,High Value
15581,4.804021044733257,4.990432586778736,8.20978992835222,Regular
15680,2.302585092994046,4.3694478524670215,7.1964468417270915,High Value
13649,5.552959584921617,3.1780538303479458,5.851052393391237,At Risk
17894,4.290459441148391,5.262690188904886,7.021048249365656,Regular
13077,0.6931471805599453,4.718498871295094,6.5917011664745795,High Value
13531,5.327876168789581,3.1354942159291497,6.1837364347551045,At Risk
13140,4.6913478822291435,3.828641396489095,6.048482673330305,Regular
15713,4.969813299576001,2.995732273553991,5.879694646264972,At Risk
17999,3.6375861597263857,4.5217885770490405,5.94382247363014,Regular
15347,5.905361848054571,1.791759469228055,5.311233591814583,At Risk
14766,2.1972245773362196,4.912654885736052,7.813741097146052,High Value
17340,3.4339872044851463,6.008813185442595,9.420358966640967,High Value
13984,3.332204510175204,2.772588722239781,6.192423837286308,Regular
15996,4.48863636973214,4.852030263919617,6.940783782995926,Regular
14030,2.9444389791664403,5.493061443340548,7.766349099111192,High Value
16596,2.833213344056216,2.5649493574615367,5.526050370196054,At Risk
16700,2.302585092994046,5.733341276897746,8.532584140771885,High Value
16011,2.1972245773362196,5.351858133476067,8.1178970162536,High Value
17655,2.4849066497880004,4.5217885770490405,7.878511468609366,High Value
16717,3.2188758248682006,5.293304824724492,8.25428958152815,High Value
14243,2.302585092994046,4.955827057601261,7.859324347661553,High Value
12963,2.1972245773362196,4.564348191467836,7.527056760684021,High Value
15079,5.365976015021851,3.871201010907891,6.798620984904737,Regular
14437,5.905361848054571,1.791759469228055,4.1588830833596715,At Risk
12942,4.882801922586371,4.2626798770413155,6.517080256346608,Regular
15660,3.258096538021482,4.51085950651685,7.378920733047961,Regular
18092,1.0986122886681098,4.430816798843313,8.95921649696742,High Value
15358,1.791759469228055,6.3080984415095305,9.00788630948215,High Value
13319,1.791759469228055,6.1675164908883415,9.29160233605445,High Value
12481,3.1780538303479458,5.37989735354046,8.62709099798378,High Value
12621,1.0986122886681098,6.142037405587356,9.481166426610937,High Value
14299,2.1972245773362196,4.962844630259907,8.259183830575687,High Value
18071,5.556828061699537,3.258096538021482,6.118097198041348,At Risk
12683,1.6094379124341003,5.84354441703136,9.045179131116987,High Value
13854,2.302585092994046,4.709530201312334,9.000917263426343,High Value
12797,5.905361848054571,2.6390573296152584,5.541381185297377,At Risk
16782,2.3978952727983707,5.214935757608986,7.727072448397774,High Value
13369,5.905361848054571,2.70805020110221,5.734247015460021,At Risk
12494,2.833213344056216,4.356708826689592,7.128576134926702,Regular
17857,1.6094379124341003,2.3978952727983707,7.116036937445624,Regular
14932,5.905361848054571,2.8903717578961645,5.89860885258863,At Risk
12429,2.302585092994046,4.584967478670572,8.22988438262624,High Value
14987,2.833213344056216,1.6094379124341003,5.791182664937034,At Risk
14355,5.905361848054571,2.4849066497880004,5.1670690799380825,At Risk
17526,1.791759469228055,2.995732273553991,7.087490159879325,Regular
14896,5.327876168789581,3.784189633918261,6.152243213225462,At Risk
14440,2.1972245773362196,4.02535169073515,7.765857419506838,High Value
13240,4.574710978503383,4.219507705176107,6.499260586313608,Regular
14479,5.541263545158426,2.9444389791664403,5.759690106594497,At Risk
16065,5.902633333401366,4.30406509320417,5.908463300604576,At Risk
17430,3.5263605246161616,2.70805020110221,5.586349377764106,At Risk
16520,5.231108616854587,5.056245805348308,6.954228475339207,Regular
15945,5.902633333401366,1.0986122886681098,5.204006687076795,At Risk
15856,1.6094379124341003,6.437751649736401,9.634854882601482,High Value
13102,0.6931471805599453,5.717027701406222,8.727021284180898,High Value
15271,2.0794415416798357,5.579729825986222,7.82177944413352,High Value
13982,3.6888794541139363,4.718498871295094,7.535195255760907,Regular
15288,3.784189633918261,4.48863636973214,7.743928633728395,Regular
17978,5.902633333401366,2.4849066497880004,4.986342601527212,At Risk
16795,5.902633333401366,4.204692619390966,6.030396757109769,At Risk
16519,3.258096538021482,2.6390573296152584,5.37564870948436,At Risk
17816,3.6375861597263857,2.8903717578961645,3.6259396543400624,At Risk
16255,2.8903717578961645,5.602118820879701,7.871276864694926,High Value
17671,2.833213344056216,3.970291913552122,7.201700198799626,Regular
17646,5.393627546352362,3.9512437185814275,6.917101466981717,Regular
17339,4.553876891600541,2.302585092994046,5.498642547781566,At Risk
12872,5.793013608384144,4.204692619390966,6.398545016483998,Regular
17097,1.0986122886681098,5.356586274672012,6.862151034377116,High Value
15192,4.795790545596741,3.9512437185814275,6.952078337618801,Regular
15380,2.302585092994046,3.6109179126442243,7.433229092253918,Regular
17950,4.290459441148391,4.276666119016055,6.180430646620605,Regular
12826,1.3862943611198906,4.5217885770490405,7.296901285267718,High Value
17456,5.902633333401366,2.8903717578961645,5.524895014596528,At Risk
15811,3.1354942159291497,4.897839799950911,7.705091289043697,High Value
13327,3.6888794541139363,4.6913478822291435,8.196649026863438,High Value
18225,1.3862943611198906,5.598421958998375,8.61358642087413,High Value
15211,4.110873864173311,3.970291913552122,6.797281713937488,Regular
15596,4.624972813284271,4.356708826689592,7.249634301131203,Regular
16163,5.4510384535657,1.9459101490553132,6.754137790316538,At Risk
16907,3.4011973816621555,4.948759890378168,6.834926488326795,Regular
17576,2.1972245773362196,5.998936561946683,8.179152124824576,High Value
14713,2.302585092994046,5.82600010738045,7.887283686260815,High Value
14702,0.6931471805599453,5.8377304471659395,8.087268368594886,High Value
13230,1.6094379124341003,6.375024819828097,7.905836114021613,High Value
13969,2.0794415416798357,6.429719478039138,9.107772619588772,High Value
17530,0.6931471805599453,5.968707559985366,7.769851670395603,High Value
15805,3.1780538303479458,5.703782474656201,8.61053416087066,High Value
12471,1.0986122886681098,6.131226489483141,9.89291435274037,High Value
17696,3.6635616461296463,4.7535901911063645,7.734869382309582,Regular
17076,3.6109179126442243,3.258096538021482,6.735875021605469,Regular
17827,1.791759469228055,5.375278407684165,7.595050369416567,High Value
17880,5.902633333401366,3.295836866004329,6.131052561315036,At Risk
16265,2.302585092994046,5.556828061699537,8.60300384782935,High Value
13000,4.68213122712422,3.4657359027997265,6.283854271159006,Regular
16499,5.8888779583328805,2.995732273553991,5.903862086371859,At Risk
17790,3.332204510175204,5.247024072160486,7.58340018440594,High Value
14419,2.4849066497880004,5.313205979041787,6.959199062045698,High Value
12731,3.2188758248682006,5.583496308781699,9.75895010054458,High Value
14082,5.902633333401366,3.4011973816621555,5.2108513407667605,At Risk
17912,5.739792912179234,3.6375861597263857,5.739985819616414,At Risk
15723,5.902633333401366,3.6635616461296463,5.255931650051599,At Risk
16656,3.1354942159291497,3.871201010907891,8.047509510981422,Regular
14037,5.176149732573829,3.367295829986474,4.998562712861987,At Risk
14256,5.564520407322694,3.9889840465642745,6.8773579252545485,Regular
14543,3.4011973816621555,4.276666119016055,8.188891881665345,High Value
16062,2.3978952727983707,4.174387269895637,7.051526564493091,Regular
18116,4.23410650459726,5.918893854273146,7.247158929095093,High Value
16019,3.871201010907891,5.081404364984463,8.239392800596635,High Value
18178,4.867534450455582,4.584967478670572,7.372627012548272,Regular
18065,1.9459101490553132,4.927253685157205,7.780649872736044,High Value
14952,4.110873864173311,4.919980925828125,8.96009408731243,High Value
13148,3.4011973816621555,5.746203190540153,8.211824970346322,High Value
12989,1.3862943611198906,4.0943445622221,8.46225325610849,High Value
14107,3.970291913552122,4.820281565605037,7.902572492717126,Regular
15881,5.746203190540153,3.4011973816621555,6.2193767104972935,At Risk
16727,5.8998973535824915,3.8066624897703196,5.550320446542799,At Risk
12785,5.8998973535824915,2.70805020110221,5.74604343337071,At Risk
15514,2.5649493574615367,5.099866427824199,8.094647029169616,High Value
13787,4.343805421853684,3.4657359027997265,5.736701321413311,At Risk
17865,3.4657359027997265,5.916202062607435,9.261729061813442,High Value
17220,3.2188758248682006,6.148468295917647,8.067321546987245,High Value
16565,5.8998973535824915,1.3862943611198906,5.163070217140011,At Risk
13798,0.6931471805599453,5.762051382780177,10.360686741204676,High Value
16873,1.791759469228055,5.631211781821365,8.8580870667407,High Value
14062,2.3978952727983707,4.68213122712422,9.224307377654796,High Value
18016,3.4965075614664802,4.812184355372417,7.298891551225709,Regular
14448,2.302585092994046,3.044522437723423,5.930519561480541,Regular
15503,5.8971538676367405,4.204692619390966,4.956108708074887,At Risk
17251,5.8971538676367405,3.6375861597263857,5.601491317767735,At Risk
16923,2.5649493574615367,6.439350371100098,8.852979478542165,High Value
14159,3.044522437723423,7.069874128458572,8.44060368125393,High Value
17126,5.030437921392435,5.517452896464707,6.89815938530869,Regular
14577,2.6390573296152584,4.820281565605037,6.757757630038034,Regular
12753,3.1780538303479458,5.262690188904886,9.93551272825231,High Value
17236,2.6390573296152584,4.663439094112067,6.821249228838842,Regular
17372,3.7376696182833684,5.529429087511423,7.199065760787922,High Value
16367,3.6375861597263857,4.852030263919617,6.686697051867266,Regular
17917,3.828641396489095,4.532599493153256,5.8172004416917575,Regular
16010,5.5093883366279774,4.382026634673881,5.974826905954958,Regular
17085,4.820281565605037,5.231108616854587,7.35461821578623,Regular
15224,5.883322388488279,2.70805020110221,5.777899970574095,At Risk
13668,1.3862943611198906,6.137727054086234,8.717241693356137,High Value
14684,3.295836866004329,5.968707559985366,7.092166317953654,High Value
17188,2.4849066497880004,4.442651256490317,7.814088599978061,High Value
15547,2.0794415416798357,6.543911845564792,8.457443187010464,High Value
15998,3.6375861597263857,6.22455842927536,8.033080901435286,High Value
14413,5.8944028342648505,3.1354942159291497,4.804430796838969,At Risk
18004,5.8944028342648505,3.6375861597263857,5.068400930946398,At Risk
13959,4.382026634673881,4.51085950651685,6.388628630176759,Regular
16665,5.8944028342648505,2.302585092994046,4.915591745409362,At Risk
15454,5.8944028342648505,3.258096538021482,5.19351225218191,At Risk
15044,2.995732273553991,6.09807428216624,8.94059382539389,High Value
17937,2.302585092994046,3.784189633918261,8.366886447525236,High Value
14608,1.6094379124341003,3.044522437723423,7.48781774447192,Regular
17618,1.9459101490553132,4.219507705176107,6.836559983939986,High Value
14505,2.8903717578961645,6.666956792429207,8.675978258718553,High Value
18037,5.043425116919247,2.995732273553991,4.262961527514942,At Risk
13198,2.3978952727983707,5.424950017481403,8.132189317204716,High Value
12540,3.044522437723423,6.171700597410915,9.503102518971122,High Value
15361,5.8944028342648505,1.9459101490553132,5.377128546972327,At Risk
15689,4.795790545596741,2.302585092994046,5.541655625147766,At Risk
14290,2.4849066497880004,4.624972813284271,7.747445704647496,High Value
13209,3.4339872044851463,5.7745515455444085,8.681454302434092,High Value
13999,2.3978952727983707,5.342334251964811,8.269452085493503,High Value
14498,3.784189633918261,5.267858159063328,7.579842241810434,High Value
15854,1.6094379124341003,4.9344739331306915,7.996357635020928,High Value
16701,2.302585092994046,4.941642422609304,8.526164825680318,High Value
16927,5.6240175061873385,1.6094379124341003,4.947695494322382,At Risk
17990,5.472270673671475,3.4011973816621555,6.448636197538339,At Risk
14544,3.2188758248682006,4.709530201312334,7.550461433449658,High Value
17338,2.8903717578961645,6.582025138892826,8.778717102886036,High Value
17799,3.1354942159291497,6.003887067106539,8.019668713889375,High Value
14565,4.574710978503383,4.852030263919617,8.039196099401456,Regular
16726,3.295836866004329,5.187385805840755,7.215048783982959,High Value
17303,5.8916442118257715,3.9889840465642745,5.525612288984722,At Risk
14639,3.970291913552122,5.153291594497779,8.001519166458744,High Value
17611,2.0794415416798357,6.342121418721152,8.2845345145333,High Value
17231,2.5649493574615367,6.2766434893416445,8.047419935632497,High Value
17179,5.187385805840755,4.394449154672439,6.569186846877494,Regular
17524,5.8916442118257715,1.9459101490553132,4.983606621708336,At Risk
12476,2.833213344056216,5.455321115357702,8.82723638014411,High Value
17293,2.1972245773362196,4.890349128221754,7.525672319531924,High Value
17890,5.780743515792329,4.5217885770490405,6.376539855568017,Regular
17375,5.298317366548036,4.248495242049359,5.9942107727760074,Regular
17371,2.8903717578961645,4.465908118654584,6.03882511846782,Regular
17969,5.117993812416755,2.70805020110221,5.434594984840585,At Risk
14625,5.2832037287379885,3.9889840465642745,6.803094518438584,Regular
15159,1.0986122886681098,6.566672429803241,9.83317291504409,High Value
13211,2.3978952727983707,4.02535169073515,6.999805605779951,Regular
15777,5.488937726156687,3.091042453358316,6.954743821204941,At Risk
14525,3.044522437723423,5.645446897643238,8.346855539924958,High Value
13324,3.6109179126442243,4.189654742026425,8.630220045462483,High Value
13948,5.8916442118257715,1.3862943611198906,4.634728988229636,At Risk
16202,5.8916442118257715,2.9444389791664403,5.903370766348874,At Risk
16442,1.0986122886681098,5.147494476813453,6.413950639550449,High Value
18075,3.1780538303479458,4.962844630259907,7.868158585474613,High Value
14524,3.4965075614664802,5.288267030694535,7.520142411307983,High Value
14961,2.4849066497880004,5.746203190540153,8.860169942031078,High Value
17041,3.332204510175204,4.248495242049359,6.977738326749379,Regular
16458,1.3862943611198906,5.313205979041787,8.155861708321998,High Value
16083,4.624972813284271,3.4657359027997265,7.184341014166175,Regular
17194,5.616771097666572,3.4011973816621555,5.57450867228432,At Risk
14057,3.2188758248682006,5.645446897643238,8.670089370400545,High Value
14871,1.3862943611198906,4.543294782270004,6.219157733120763,High Value
13178,3.295836866004329,5.583496308781699,8.652854564021988,High Value
18044,1.6094379124341003,4.852030263919617,7.644727939082112,High Value
16812,5.8916442118257715,2.772588722239781,6.174515004855747,At Risk
16191,1.3862943611198906,4.890349128221754,8.436052547898335,High Value
12370,3.9512437185814275,5.10594547390058,8.1379746098997,High Value
14298,2.1972245773362196,7.367708572374371,10.765495895548677,High Value
17158,3.4965075614664802,4.219507705176107,7.145172475411292,Regular
16899,2.1972245773362196,4.820281565605037,7.148392912598927,High Value
16531,3.1354942159291497,4.356708826689592,7.127364592228089,Regular
14415,0.6931471805599453,6.363028103540465,8.675319386969873,High Value
16556,4.219507705176107,5.337538079701318,8.106149552197078,High Value
16805,5.1647859739235145,4.59511985013459,6.134677051181064,Regular
16503,4.68213122712422,4.442651256490317,7.267476578065607,Regular
16553,5.099866427824199,4.394449154672439,8.580855078422363,Regular
17739,2.5649493574615367,3.871201010907891,7.934638814191774,High Value
13238,2.8903717578961645,3.4657359027997265,6.553548714657728,Regular
12829,5.823045895483019,2.4849066497880004,5.683579767338681,At Risk
13097,3.5263605246161616,6.045005314036012,8.70021783432055,High Value
15392,1.791759469228055,4.442651256490317,7.337281906274171,High Value
13846,3.258096538021482,4.02535169073515,6.763954190227071,Regular
12867,3.295836866004329,6.282266746896006,8.296631304736238,High Value
14401,1.6094379124341003,5.204006687076795,8.293129216642285,High Value
16145,2.302585092994046,5.41610040220442,8.242885284769901,High Value
17629,1.9459101490553132,4.820281565605037,7.503906860215884,High Value
14150,3.6109179126442243,3.295836866004329,6.49169423166057,Regular
13496,2.4849066497880004,3.58351893845611,6.483611811351871,Regular
13611,4.499809670330265,4.290459441148391,7.052201883347165,Regular
16954,0.6931471805599453,4.007333185232471,7.643041985736175,High Value
17454,5.262690188904886,4.127134385045092,6.25099788520506,Regular
17449,1.0986122886681098,5.6240175061873385,7.832097510366773,High Value
13295,5.8888779583328805,2.3978952727983707,5.309257306586371,At Risk
17230,5.579729825986222,4.248495242049359,8.199576859581033,Regular
15384,5.14166355650266,3.7376696182833684,6.46678215711498,Regular
15950,3.4965075614664802,4.584967478670572,7.464916628675443,Regular
15512,5.056245805348308,2.0794415416798357,4.804021044733257,At Risk
17525,5.8888779583328805,2.302585092994046,6.049025657632514,At Risk
13458,2.0794415416798357,5.948034989180646,9.174461349151194,High Value
16003,3.4339872044851463,4.6443908991413725,7.914387503517288,High Value
13092,4.276666119016055,3.258096538021482,6.171345628362577,Regular
13426,0.6931471805599453,5.062595033026967,8.200376120238847,High Value
15101,2.302585092994046,2.1972245773362196,5.763716662099238,Regular
17033,4.465908118654584,3.332204510175204,6.65510567403515,Regular
13221,5.484796933490655,4.204692619390966,6.743364009514037,Regular
14201,4.110873864173311,3.6375861597263857,6.617991040326031,Regular
17692,4.852030263919617,3.8501476017100584,6.6092683773641365,Regular
15822,1.3862943611198906,3.5263605246161616,6.787247283994098,Regular
16134,3.1354942159291497,3.58351893845611,6.428250657915328,Regular
17551,5.886104031450156,3.6888794541139363,5.674490970020802,At Risk
18050,5.886104031450156,1.791759469228055,4.32280727501391,At Risk
14913,3.6109179126442243,4.477336814478207,7.113492210280829,Regular
15641,4.663439094112067,4.787491742782046,7.543379273298417,Regular
13124,4.51085950651685,5.407171771460119,8.231463877756003,High Value
17214,4.110873864173311,4.624972813284271,6.966137388245792,Regular
15456,5.648974238161206,4.060443010546419,6.004750891433717,At Risk
15062,4.276666119016055,4.060443010546419,6.896552764474143,Regular
12928,3.58351893845611,4.430816798843313,7.6153673369526045,Regular
15727,2.8903717578961645,5.71042701737487,8.548703486314981,High Value
17980,5.117993812416755,3.4339872044851463,6.700054373848785,Regular
15290,1.791759469228055,5.318119993844216,8.961168503915847,High Value
15615,2.3978952727983707,6.049733455231958,9.249632236444302,High Value
12577,3.58351893845611,4.990432586778736,6.441903020858877,Regular
17189,4.672828834461906,4.110873864173311,5.952593772718989,Regular
17496,5.886104031450156,2.3978952727983707,5.605985872931934,At Risk
16607,2.9444389791664403,5.147494476813453,8.11115692022549,High Value
13317,4.204692619390966,4.8283137373023015,7.729594662150938,Regular
13890,0.6931471805599453,4.709530201312334,7.541582299045909,High Value
17001,0.6931471805599453,5.135798437050262,8.291689356823657,High Value
15246,5.476463551931511,3.5263605246161616,6.244458120391077,At Risk
15482,2.833213344056216,4.499809670330265,9.1502038810045,High Value
13021,1.6094379124341003,4.882801922586371,7.869929096421559,High Value
16037,5.602118820879701,3.6888794541139363,6.752293740354778,Regular
14841,3.9889840465642745,4.9344739331306915,8.10069544697357,High Value
16670,2.8903717578961645,5.53338948872752,8.317985869145499,High Value
16985,2.8903717578961645,4.795790545596741,8.606141358283566,High Value
16705,0.6931471805599453,5.58724865840025,9.518012554148216,High Value
14414,4.532599493153256,4.574710978503383,7.273994340589464,Regular
15563,3.1354942159291497,4.736198448394496,7.245255558414779,Regular
12980,5.0689042022202315,2.9444389791664403,8.76398764219435,Regular
16746,1.791759469228055,6.095824562432225,8.791399370516503,High Value
16470,3.970291913552122,5.10594547390058,6.625087281686058,Regular
14878,2.6390573296152584,4.812184355372417,7.297829215001296,High Value
16743,3.4011973816621555,5.25227342804663,7.702614828798631,High Value
17146,4.672828834461906,3.58351893845611,6.621112666105018,Regular
12877,1.6094379124341003,5.043425116919247,7.337438090181038,High Value
15394,2.3978952727983707,4.454347296253507,7.6891605590501255,High Value
14621,0.6931471805599453,4.532599493153256,7.489613293002015,High Value
15379,5.135798437050262,5.272999558563747,8.217246886437776,Regular
14309,2.1972245773362196,4.762173934797756,7.70313859941714,High Value
17288,2.302585092994046,4.948759890378168,7.257446896154699,High Value
14709,2.772588722239781,5.2832037287379885,8.501478357695712,High Value
15157,1.6094379124341003,4.836281906951478,7.568931801112307,High Value
17744,1.6094379124341003,4.912654885736052,7.743009476166912,High Value
16316,4.174387269895637,5.0238805208462765,7.986134247619265,Regular
15620,4.060443010546419,4.61512051684126,7.348703354335633,Regular
15789,5.883322388488279,3.258096538021482,5.864483085347192,At Risk
16560,3.332204510175204,4.04305126783455,6.736266831594512,Regular
13534,1.0986122886681098,5.6937321388027,8.677793882270105,High Value
17580,5.537334267018537,3.828641396489095,5.37860619777684,At Risk
15759,5.389071729816501,2.0794415416798357,5.537491734934774,At Risk
14373,5.883322388488279,1.6094379124341003,4.350922889622548,At Risk
18176,5.883322388488279,3.4339872044851463,6.168249974444042,At Risk
14092,2.1972245773362196,5.3706380281276624,8.313339881248881,High Value
15366,4.330733340286331,3.8066624897703196,6.40276261040859,Regular
14735,1.6094379124341003,5.272999558563747,8.710568430543226,High Value
16271,1.3862943611198906,4.875197323201151,7.248247994066157,High Value
18223,1.791759469228055,5.60947179518496,8.777330362366365,High Value
15532,3.258096538021482,5.529429087511423,7.356107447892678,High Value
16816,4.6443908991413725,3.367295829986474,6.035624962893636,At Risk
16684,1.6094379124341003,4.9344739331306915,10.073960018639509,High Value
14334,2.8903717578961645,5.093750200806762,7.845106670027843,High Value
16945,3.1354942159291497,5.521460917862246,8.377126202519118,High Value
14643,5.14166355650266,3.4657359027997265,6.54363842689435,Regular
15197,2.4849066497880004,3.4965075614664802,6.985280975485229,Regular
14220,5.5134287461649825,3.091042453358316,6.45110213410454,At Risk
13874,5.883322388488279,2.9444389791664403,6.294250726074389,At Risk
18260,5.159055299214529,4.897839799950911,7.874491946336666,Regular
17848,4.406719247264253,3.9512437185814275,6.804836224974296,Regular
17392,5.730099782973574,4.04305126783455,6.036127157014171,At Risk
12348,4.330733340286331,3.258096538021482,7.344512314434237,Regular
14985,5.293304824724492,4.430816798843313,5.680206738127495,Regular
13004,2.5649493574615367,6.003887067106539,8.640633085723934,High Value
14560,2.0794415416798357,4.30406509320417,7.667612059681118,High Value
13627,4.0943445622221,4.5217885770490405,7.269581930060472,Regular
17404,1.6094379124341003,4.543294782270004,9.280431573411246,High Value
12551,5.883322388488279,2.3978952727983707,5.1298987149230735,At Risk
12782,1.791759469228055,4.6443908991413725,7.754447241564618,High Value
14769,1.3862943611198906,6.967909201801884,9.235323674019599,High Value
15780,5.220355825078324,3.4011973816621555,6.166005916582974,At Risk
12417,1.3862943611198906,5.262690188904886,8.202509843461513,High Value
17315,1.0986122886681098,6.154858094016418,8.720413180121888,High Value
16711,1.3862943611198906,3.091042453358316,7.391285756503039,High Value
12726,3.367295829986474,4.820281565605037,7.853068747110039,High Value
15204,5.8805329864007,2.302585092994046,5.760729755097951,At Risk
17888,3.6635616461296463,4.174387269895637,6.4692503167957724,Regular
17007,3.9512437185814275,3.970291913552122,6.7922658609726465,Regular
15160,5.8805329864007,1.6094379124341003,5.069909985558728,At Risk
14016,5.093750200806762,5.087596335232384,8.376138714077541,Regular
13033,5.8805329864007,2.4849066497880004,5.255148871146658,At Risk
12691,3.367295829986474,3.4965075614664802,6.94389432559801,Regular
13869,4.820281565605037,5.720311776607412,8.034193477715295,High Value
14146,2.302585092994046,5.351858133476067,8.340933226000878,High Value
12705,2.772588722239781,5.814130531825066,8.834816031986259,High Value
16885,2.772588722239781,4.574710978503383,6.112376017438897,Regular
12931,3.4339872044851463,2.9444389791664403,7.88693066510968,Regular
17913,4.0943445622221,4.07753744390572,6.015303136587824,Regular
12668,2.5649493574615367,5.087596335232384,8.244898785891763,High Value
14472,4.653960350157523,5.583496308781699,7.524922736755564,Regular
17358,5.717027701406222,4.07753744390572,5.891119212159107,At Risk
16686,3.871201010907891,6.300785794663244,7.993241800431319,High Value
18245,2.0794415416798357,5.170483995038151,7.850906029022887,High Value
17343,5.87493073085203,2.8903717578961645,5.2711516984752675,At Risk
16153,3.9318256327243257,4.499809670330265,7.5094612854730665,Regular
12377,5.755742213586912,4.356708826689592,7.395795270713971,Regular
14646,1.0986122886681098,7.374001859350161,11.988075827035495,High Value
12944,3.6109179126442243,3.4339872044851463,6.406071078133402,Regular
15279,5.87493073085203,2.995732273553991,5.675074310519458,At Risk
14099,2.833213344056216,5.5254529391317835,8.040823743271407,High Value
12721,3.4965075614664802,5.087596335232384,7.885001871924596,High Value
13104,1.3862943611198906,3.044522437723423,7.0025926197429715,Regular
14113,1.6094379124341003,3.5553480614894135,7.518292292095946,High Value
15312,4.330733340286331,3.871201010907891,6.830712234483825,Regular
17621,3.091042453358316,3.295836866004329,7.230490739491305,Regular
17090,1.6094379124341003,4.127134385045092,7.588652737113165,High Value
15527,2.995732273553991,5.093750200806762,7.7954531019895175,High Value
18097,2.1972245773362196,4.672828834461906,7.887358781068045,High Value
15460,5.872117789475416,4.04305126783455,5.371846599836152,At Risk
15034,2.833213344056216,5.968707559985366,8.360576807571077,High Value
12423,0.6931471805599453,4.836281906951478,7.528498419486568,High Value
12678,3.7612001156935624,5.062595033026967,9.48005142870672,High Value
15208,0.6931471805599453,3.7612001156935624,6.769779740037806,High Value
16996,3.4339872044851463,3.6375861597263857,7.284793477350012,Regular
14737,1.6094379124341003,2.8903717578961645,7.060948357598531,Regular
13029,3.4657359027997265,2.3978952727983707,7.129698109719828,Regular
16270,5.869296913133774,4.007333185232471,7.040746525754151,Regular
13487,4.07753744390572,3.5553480614894135,6.356801864125367,Regular
12515,5.869296913133774,2.833213344056216,5.95246380975825,At Risk
17400,4.844187086458591,5.332718793265369,7.649140090140571,Regular
17593,1.6094379124341003,5.3612921657094255,8.275085960790554,High Value
14533,3.258096538021482,4.060443010546419,7.465495022531959,Regular
12734,5.869296913133774,1.6094379124341003,4.713127327493184,At Risk
14532,5.4680601411351315,4.174387269895637,6.839315825759616,Regular
12383,5.225746673713202,4.59511985013459,7.49538637622868,Regular
15562,5.8664680569332965,0.6931471805599453,4.909340575944674,At Risk
15587,3.9318256327243257,2.302585092994046,6.818574277330894,Regular
13922,5.8664680569332965,2.0794415416798357,5.1547356380700124,At Risk
13817,3.4011973816621555,3.2188758248682006,5.950590467898009,Regular
12585,5.459585514144159,4.465908118654584,7.551113296539441,Regular
13165,3.8501476017100584,3.7612001156935624,6.929986327823459,Regular
13304,5.863631175598097,3.091042453358316,5.7085046409915305,At Risk
13313,3.1354942159291497,4.3694478524670215,7.35007933912113,Regular
16875,4.219507705176107,4.727387818712341,7.648038876071995,Regular
16282,5.831882477283517,2.4849066497880004,5.13167228913909,At Risk
12957,2.3978952727983707,5.476463551931511,8.298673931566155,High Value
14462,4.204692619390966,5.455321115357702,7.591644738779161,Regular
13397,4.30406509320417,3.6635616461296463,7.342863328186895,Regular
13680,0.6931471805599453,5.272999558563747,8.221511204811428,High Value
12483,2.8903717578961645,4.330733340286331,7.818422226986002,High Value
15164,4.248495242049359,4.624972813284271,6.716086169627672,Regular
17457,4.852030263919617,2.9444389791664403,7.2236603103776575,Regular
14732,2.1972245773362196,4.997212273764115,7.902298809906396,High Value
14221,3.7612001156935624,5.267858159063328,8.141422798643111,High Value
14553,2.995732273553991,4.736198448394496,6.757246293462842,Regular
13253,5.062595033026967,3.4965075614664802,6.637991707032701,Regular
15841,4.30406509320417,3.871201010907891,7.110745101371203,Regular
16112,4.969813299576001,2.772588722239781,4.976043849326636,At Risk
13629,3.1780538303479458,3.9889840465642745,8.651087518172199,High Value
16600,1.6094379124341003,4.143134726391533,6.702598982682314,High Value
15661,5.762051382780177,1.791759469228055,5.739149618493492,At Risk
15266,5.82600010738045,1.9459101490553132,4.789988622980633,At Risk
14653,0.6931471805599453,5.459585514144159,7.56405692342126,High Value
16771,3.5263605246161616,5.541263545158426,7.715841454746731,High Value
17585,4.700480365792417,5.342334251964811,7.019010387342232,Regular
15046,2.302585092994046,5.288267030694535,8.391661713968743,High Value
13082,4.844187086458591,4.219507705176107,7.591816305180825,Regular
15464,5.82600010738045,5.049856007249537,6.952393980600518,Regular
13225,1.3862943611198906,3.1780538303479458,8.310739584887193,High Value
14045,4.700480365792417,1.6094379124341003,6.995582989347657,At Risk
18226,3.8066624897703196,5.493061443340548,8.561984896200169,High Value
18062,5.159055299214529,3.332204510175204,6.581360097857453,Regular
12415,3.258096538021482,6.22455842927536,11.117737911399445,High Value
17368,3.1780538303479458,4.68213122712422,7.538957904496927,High Value
14618,2.302585092994046,2.833213344056216,6.317958595345153,Regular
14258,2.302585092994046,4.653960350157523,9.324313492447375,High Value
15719,3.5263605246161616,6.837332814685591,8.523387964129368,High Value
13368,5.552959584921617,3.4011973816621555,6.436791188641277,At Risk
17634,3.6109179126442243,5.6937321388027,7.766243154113498,High Value
16676,3.5553480614894135,4.499809670330265,7.373449636639774,Regular
18283,1.6094379124341003,6.582025138892826,7.623900954999213,High Value
12735,5.755742213586912,3.784189633918261,6.660024422032584,Regular
13764,4.276666119016055,5.337538079701318,7.3267418914616185,Regular
13656,5.111987788356544,3.912023005428146,5.941880317752221,Regular
12413,4.219507705176107,3.6635616461296463,6.632133521022722,Regular
14312,3.871201010907891,4.477336814478207,7.385596861065875,Regular
13280,4.812184355372417,4.418840607796598,6.68393649975286,Regular
15845,2.9444389791664403,4.9344739331306915,8.219533507739182,High Value
13187,5.823045895483019,3.6375861597263857,5.4681445257603025,At Risk
16567,5.272999558563747,3.5263605246161616,6.558991813743276,Regular
14828,5.288267030694535,2.70805020110221,7.248589417235035,At Risk
12530,4.110873864173311,4.204692619390966,7.416546835435133,Regular
16551,4.574710978503383,3.4339872044851463,6.605027248325085,Regular
16889,5.278114659230517,4.912654885736052,7.364971243447073,Regular
16473,5.111987788356544,2.9444389791664403,5.759248716840184,At Risk
13750,4.007333185232471,3.2188758248682006,7.407475465015805,Regular
12501,5.823045895483019,5.0106352940962555,7.682662153888476,Regular
15607,5.823045895483019,2.6390573296152584,4.6611723761033765,At Risk
15139,5.484796933490655,2.6390573296152584,5.192734603972972,At Risk
12489,5.820082930352362,2.772588722239781,5.816902804925467,At Risk
17707,5.225746673713202,1.791759469228055,5.0330488889331555,At Risk
18198,1.6094379124341003,5.030437921392435,8.24233520441535,High Value
12484,3.5263605246161616,5.840641657373398,8.418106288764006,High Value
18179,2.302585092994046,4.499809670330265,7.458007363964594,High Value
17284,4.110873864173311,5.676753802268282,7.407608930196758,High Value
13233,4.31748811353631,3.784189633918261,6.407077986267962,Regular
14889,5.820082930352362,2.3978952727983707,4.919250732294404,At Risk
12480,3.367295829986474,5.0369526024136295,7.994912204804395,High Value
14672,5.4638318050256105,4.127134385045092,6.641899927756463,Regular
13593,4.6913478822291435,4.852030263919617,7.607321811344266,Regular
14867,5.231108616854587,3.6109179126442243,6.567066163812884,Regular
13162,4.812184355372417,4.382026634673881,7.432063601299488,Regular
13183,2.1972245773362196,4.553876891600541,8.283691175973804,High Value
17095,3.1780538303479458,4.31748811353631,7.189288485847039,Regular
12939,4.174387269895637,3.6109179126442243,8.68651731297954,Regular
15611,2.3978952727983707,3.784189633918261,7.373028989779162,Regular
17114,1.9459101490553132,4.820281565605037,6.687258222608833,High Value
15059,3.7376696182833684,5.472270673671475,7.199469212547289,High Value
16326,1.9459101490553132,5.707110264748875,8.019685160202853,High Value
17128,5.817111159963204,2.70805020110221,5.063164491108096,At Risk
14761,4.0943445622221,2.4849066497880004,5.548686904115838,At Risk
17555,3.044522437723423,4.663439094112067,6.176511553155347,Regular
12651,5.817111159963204,2.302585092994046,4.74493212836325,At Risk
16735,4.382026634673881,4.762173934797756,7.717978578725217,Regular
16833,0.6931471805599453,3.871201010907891,7.0098875895885335,High Value
17800,3.6375861597263857,4.6443908991413725,7.080203251977793,Regular
16748,2.9444389791664403,4.248495242049359,7.324424057597627,Regular
14755,2.3978952727983707,5.4638318050256105,8.519446650469105,High Value
16549,2.3978952727983707,6.8308742346461795,8.302984604159606,High Value
13565,2.995732273553991,3.6635616461296463,5.485709380155097,Regular
15799,4.343805421853684,4.59511985013459,6.785745824587275,Regular
18032,5.814130531825066,1.791759469228055,4.310799125385514,At Risk
13451,3.295836866004329,6.073044534100405,7.972210810998752,High Value
14794,1.3862943611198906,4.394449154672439,7.186076171996967,High Value
12539,3.1354942159291497,5.6131281063880705,8.625033629522884,High Value
16350,3.091042453358316,4.060443010546419,7.018822480489789,Regular
12500,3.1780538303479458,3.912023005428146,7.739594264306795,Regular
18171,4.0943445622221,4.007333185232471,7.116645735818236,Regular
12524,2.302585092994046,4.962844630259907,8.3418488372353,High Value
17811,1.6094379124341003,6.720220155135295,8.957100949224584,High Value
16850,5.814130531825066,2.995732273553991,5.809372963868082,At Risk
14321,2.4849066497880004,4.820281565605037,7.334166151605764,High Value
15326,5.814130531825066,3.4011973816621555,5.74527624348556,At Risk
17849,5.389071729816501,3.295836866004329,6.408199247474378,At Risk
14229,3.970291913552122,3.713572066704308,7.344848244770613,Regular
13107,3.8066624897703196,4.07753744390572,7.334733968170588,Regular
16497,3.9318256327243257,4.919980925828125,7.99520213218973,High Value
16303,3.295836866004329,5.093750200806762,8.587023312312065,High Value
15281,4.0943445622221,4.941642422609304,7.754974564853873,Regular
12736,5.811140992976701,1.6094379124341003,5.459585514144159,At Risk
13473,4.127134385045092,3.091042453358316,6.048884037975468,At Risk
14320,5.337538079701318,3.4657359027997265,6.17126208791851,At Risk
12393,4.290459441148391,4.174387269895637,7.3674560152319755,Regular
17742,4.736198448394496,2.772588722239781,5.875239671888878,At Risk
16351,5.811140992976701,2.1972245773362196,5.042779747422823,At Risk
12601,5.25227342804663,3.367295829986474,6.359677669513258,At Risk
13144,5.811140992976701,1.3862943611198906,4.718052343044764,At Risk
15346,5.811140992976701,2.8903717578961645,5.5350481913707625,At Risk
15370,3.7376696182833684,4.553876891600541,7.77781357291459,Regular
12643,4.859812404361672,3.091042453358316,7.564964352736453,Regular
16034,5.2832037287379885,3.1354942159291497,6.083815808172168,At Risk
17365,2.6390573296152584,6.144185634125646,8.469757709250656,High Value
15189,0.6931471805599453,5.3471075307174685,9.662749496727198,High Value
14669,5.493061443340548,5.117993812416755,7.139057457997714,Regular
18095,5.749392985908253,3.091042453358316,6.364836811668883,At Risk
15518,4.174387269895637,5.351858133476067,7.561407708843943,Regular
14209,2.4849066497880004,4.477336814478207,7.637441696132993,High Value
16042,3.1354942159291497,4.2626798770413155,7.071972265963926,Regular
15569,4.653960350157523,3.4657359027997265,7.227451873789157,Regular
12728,4.276666119016055,3.8501476017100584,6.7302182580203365,Regular
13672,5.71042701737487,1.9459101490553132,5.233192006587575,At Risk
17569,5.808142489980444,3.4011973816621555,5.843950131819433,At Risk
13784,2.3978952727983707,3.332204510175204,7.568766589512012,Regular
12724,1.791759469228055,3.9889840465642745,6.9396511539657,High Value
13862,2.9444389791664403,4.941642422609304,7.700910677173299,High Value
16791,3.4011973816621555,5.752572638825633,7.442363833410647,High Value
16235,3.7376696182833684,3.8501476017100584,6.766548793757163,Regular
14270,5.808142489980444,3.4011973816621555,6.201826764057459,At Risk
12523,2.995732273553991,4.672828834461906,7.490400973937009,High Value
16655,2.9444389791664403,5.556828061699537,8.240258491831206,High Value
16359,2.0794415416798357,4.189654742026425,7.328411088597533,High Value
16554,3.7612001156935624,3.970291913552122,6.73113742510486,Regular
15939,4.51085950651685,4.276666119016055,8.529360864129169,Regular
12359,4.07753744390572,5.5053315359323625,8.750054175177759,High Value
14587,2.995732273553991,5.918893854273146,7.365996248598568,High Value
14715,3.258096538021482,4.276666119016055,6.766629406877568,Regular
14185,5.805134968916488,1.3862943611198906,5.291544482260608,At Risk
12437,1.0986122886681098,5.298317366548036,8.507629605767502,High Value
14040,3.7376696182833684,5.438079308923196,8.177886541638598,High Value
12652,5.805134968916488,3.8918202981106265,6.82543832049292,Regular
14514,4.127134385045092,4.248495242049359,6.898916330314933,Regular
15171,5.805134968916488,1.791759469228055,7.162785019158669,At Risk
14167,3.6888794541139363,3.9318256327243257,6.334327036786916,Regular
17389,0.6931471805599453,5.303304908059076,10.163201384631884,High Value
17048,4.77912349311153,3.784189633918261,6.831252132996021,Regular
17364,0.6931471805599453,6.008813185442595,8.40372881690387,High Value
13284,5.805134968916488,2.6390573296152584,5.309207849379209,At Risk
16500,1.791759469228055,2.4849066497880004,5.996103769256407,Regular
12951,2.302585092994046,4.1588830833596715,6.970795803683085,Regular
18190,5.262690188904886,2.772588722239781,5.654101914201623,At Risk
15835,3.8066624897703196,3.9318256327243257,6.861805576878038,Regular
13993,3.784189633918261,4.804021044733257,8.151148776464021,High Value
14114,5.616771097666572,2.772588722239781,5.959793265151517,At Risk
15447,5.805134968916488,2.302585092994046,5.050945157499754,At Risk
16315,5.805134968916488,2.70805020110221,5.426578646492048,At Risk
14978,4.290459441148391,5.3706380281276624,7.561314078807358,Regular
16395,4.127134385045092,5.332718793265369,7.3018627998495145,Regular
15510,5.805134968916488,0.6931471805599453,5.5254529391317835,At Risk
13614,3.2188758248682006,5.278114659230517,7.369260397972974,High Value
13246,2.9444389791664403,4.919980925828125,7.581984640687438,High Value
15687,2.302585092994046,5.117993812416755,8.004398964555403,High Value
12578,3.091042453358316,4.74493212836325,7.935769837637909,High Value
16493,4.394449154672439,4.04305126783455,7.209806124401014,Regular
12490,1.791759469228055,5.5053315359323625,8.597653657970227,High Value
12672,5.802118375377063,2.3978952727983707,5.424509391785796,At Risk
13385,5.802118375377063,3.58351893845611,6.283331600299074,At Risk
12474,2.8903717578961645,6.0473721790462776,8.899060720499207,High Value
15626,4.330733340286331,3.912023005428146,6.517375808292013,Regular
12553,2.1972245773362196,5.2574953720277815,8.214270231095687,High Value
15213,5.768320995793772,3.2188758248682006,5.797121015086702,At Risk
14175,4.110873864173311,5.0106352940962555,8.078160958464125,High Value
18106,5.802118375377063,3.6375861597263857,6.047135744478443,At Risk
15033,1.791759469228055,6.218600119691729,7.847051347137703,High Value
14329,2.8903717578961645,5.552959584921617,8.500201649315175,High Value
16401,0.6931471805599453,5.209486152841421,8.167159005893838,High Value
16206,4.02535169073515,4.1588830833596715,6.287970078106996,Regular
13782,2.6390573296152584,4.736198448394496,6.8132907415215165,Regular
12924,4.48863636973214,3.4011973816621555,6.661931463944707,Regular
16593,3.9512437185814275,3.332204510175204,5.802209005711098,Regular
15535,5.159055299214529,4.290459441148391,6.222377835686553,Regular
13700,3.295836866004329,5.272999558563747,7.718521037231551,High Value
13064,2.6390573296152584,4.23410650459726,7.009038493734221,Regular
13048,2.70805020110221,4.912654885736052,7.506817029425575,High Value
13634,3.5263605246161616,5.231108616854587,7.344951585251755,High Value
18069,3.295836866004329,6.126869184114185,7.606009396910227,High Value
17064,4.0943445622221,4.127134385045092,6.752795938943994,Regular
16843,3.784189633918261,5.924255797414532,9.216864046463428,High Value
17609,3.7376696182833684,5.455321115357702,7.00921017763747,Regular
15673,4.48863636973214,4.9344739331306915,7.911041721056532,Regular
12626,3.1780538303479458,5.68697535633982,8.798074188898816,High Value
14976,4.060443010546419,4.290459441148391,6.674384608512411,Regular
12388,2.833213344056216,4.61512051684126,7.930803150780256,High Value
13527,3.5553480614894135,5.384495062789089,7.7157300209728215,High Value
15696,3.5263605246161616,5.1298987149230735,7.905482208709709,High Value
15316,5.793013608384144,0.6931471805599453,5.111987788356544,At Risk
12673,1.791759469228055,3.7612001156935624,6.415947661051908,Regular
15296,3.9512437185814275,5.272999558563747,8.208998159442066,High Value
17988,2.5649493574615367,3.6635616461296463,5.308861580423708,Regular
12820,1.3862943611198906,4.0943445622221,6.849426769082011,High Value
13001,1.6094379124341003,5.805134968916488,9.070486175345732,High Value
14101,4.31748811353631,3.2188758248682006,7.96796971585368,Regular
14238,5.7899601708972535,2.1972245773362196,4.996198246298486,At Risk
17730,1.3862943611198906,5.389071729816501,8.575363981519251,High Value
13929,5.135798437050262,2.302585092994046,6.737737716644347,At Risk
14657,2.9444389791664403,4.844187086458591,6.744318281129723,Regular
18212,5.7899601708972535,3.5553480614894135,5.380219882167671,At Risk
13859,5.7899601708972535,3.367295829986474,5.309059463079938,At Risk
18233,5.7899601708972535,0.6931471805599453,6.089044875446846,At Risk
17018,3.7376696182833684,2.833213344056216,6.82556860799419,Regular
14242,5.4638318050256105,2.833213344056216,5.640310051700627,At Risk
12356,3.1780538303479458,4.0943445622221,7.941804157314053,Regular
13898,5.7899601708972535,2.5649493574615367,5.055799846050629,At Risk
16948,4.941642422609304,2.8903717578961645,5.856846850383038,At Risk
16997,5.666426688112432,2.5649493574615367,6.555356891810665,At Risk
12527,4.418840607796598,2.9444389791664403,5.857104239599851,At Risk
15395,5.7899601708972535,2.0794415416798357,4.6862892372728835,At Risk
12510,4.969813299576001,3.5263605246161616,6.8911888096735625,Regular
13263,0.6931471805599453,7.419380582918692,8.914347863308706,High Value
14428,2.0794415416798357,4.927253685157205,7.110745101371203,High Value
12665,5.786897381366708,1.3862943611198906,4.1588830833596715,At Risk
12451,2.4849066497880004,5.872117789475416,9.109029423519523,High Value
12422,4.574710978503383,3.6888794541139363,6.690295544136225,Regular
17708,5.241747015059643,3.5553480614894135,5.577198322546748,At Risk
14090,5.786897381366708,0.6931471805599453,4.34795265434013,At Risk
15606,4.127134385045092,4.356708826689592,7.9797360766493295,Regular
13310,3.367295829986474,4.290459441148391,7.032650739053453,Regular
15831,4.07753744390572,4.189654742026425,6.6347384771722,Regular
14916,4.276666119016055,4.356708826689592,7.146756431297139,Regular
17602,1.0986122886681098,6.313548046277095,8.52821621405653,High Value
14572,1.3862943611198906,5.572154032177765,7.93935131279746,High Value
13502,2.8903717578961645,2.9444389791664403,5.680172609017068,Regular
14784,3.295836866004329,2.772588722239781,5.673288902319859,At Risk
15938,4.727387818712341,2.9444389791664403,6.0053181413965175,At Risk
12637,4.219507705176107,5.948034989180646,8.70016453705169,High Value
17418,3.7612001156935624,3.4339872044851463,6.140875440444677,Regular
14779,5.641907070938114,3.7376696182833684,5.958812214832733,At Risk
16321,4.290459441148391,2.5649493574615367,5.92599225681032,At Risk
15262,5.783825182329737,2.3978952727983707,5.19267903452504,At Risk
17862,5.783825182329737,2.4849066497880004,5.804833718725929,At Risk
12402,5.780743515792329,2.4849066497880004,5.423186348593906,At Risk
17771,4.060443010546419,4.007333185232471,5.508618809848949,Regular
15422,5.780743515792329,1.9459101490553132,4.592084946439436,At Risk
13008,5.780743515792329,2.70805020110221,5.4401207021224,At Risk
14770,5.4510384535657,3.970291913552122,6.7769857830927895,Regular
16912,3.4011973816621555,4.61512051684126,7.846425706813547,High Value
15174,5.780743515792329,2.4849066497880004,4.91815444130209,At Risk
12594,3.6635616461296463,4.77912349311153,8.113492525763553,High Value
17504,5.332718793265369,4.852030263919617,8.00571068528359,Regular
16387,5.780743515792329,1.6094379124341003,4.55765920331704,At Risk
12664,2.1972245773362196,3.6375861597263857,8.49349048870337,High Value
16618,3.4657359027997265,4.574710978503383,7.881782701906185,High Value
17277,5.43372200355424,4.248495242049359,6.9719968810436015,Regular
14088,2.3978952727983707,6.380122536899765,10.829586228889369,High Value
17094,5.777652323222656,2.70805020110221,5.713732805509369,At Risk
14692,4.927253685157205,4.23410650459726,6.384435257634458,Regular
12970,2.0794415416798357,4.867534450455582,6.00751012552645,Regular
17306,2.4849066497880004,3.7612001156935624,8.493717787726451,High Value
17889,5.3612921657094255,3.044522437723423,5.310097705083568,At Risk
17714,5.7745515455444085,2.3978952727983707,5.0369526024136295,At Risk
12916,4.941642422609304,4.6443908991413725,7.988186624712898,Regular
17769,2.6390573296152584,5.720311776607412,8.283602760989174,High Value
14450,5.204006687076795,3.713572066704308,6.182601302287106,At Risk
16085,3.1780538303479458,5.123963979403259,6.890110521808668,Regular
13659,5.332718793265369,4.6443908991413725,7.355001921105257,Regular
15167,5.7745515455444085,3.6888794541139363,5.073923033332174,At Risk
15443,1.0986122886681098,5.921578419643816,8.075455101323259,High Value
14224,4.709530201312334,4.736198448394496,6.918428121038441,Regular
13742,2.8903717578961645,5.749392985908253,8.04201459509639,High Value
17673,1.0986122886681098,5.389071729816501,7.375236980840607,High Value
12727,2.4849066497880004,4.941642422609304,8.2894641427604,High Value
14068,5.771441123130016,3.2188758248682006,5.586686702779954,At Risk
13068,2.3978952727983707,1.0986122886681098,5.84354441703136,At Risk
14368,5.771441123130016,2.1972245773362196,5.049856007249537,At Risk
15497,2.9444389791664403,2.6390573296152584,6.843323418822748,Regular
12559,5.7430031878094825,3.091042453358316,6.33276439774036,At Risk
13819,5.713732805509369,3.6109179126442243,7.039967051290641,Regular
14501,5.220355825078324,2.3978952727983707,5.530262073815315,At Risk
14782,5.771441123130016,1.9459101490553132,5.303802296778606,At Risk
17861,1.3862943611198906,5.393627546352362,7.649159148105371,High Value
14439,5.771441123130016,3.4965075614664802,7.8869231526671975,Regular
18161,2.772588722239781,4.394449154672439,7.3899900518904555,High Value
15820,5.771441123130016,2.8903717578961645,5.337441921232086,At Risk
18136,4.1588830833596715,3.6635616461296463,6.666104011612187,Regular
16660,2.833213344056216,2.833213344056216,7.145708621949827,Regular
12693,4.852030263919617,3.6888794541139363,6.753332895580138,Regular
12625,5.3612921657094255,4.465908118654584,7.895368965589599,Regular
13396,3.4011973816621555,3.784189633918261,7.216702144538598,Regular
15179,2.9444389791664403,4.5217885770490405,7.622561206319481,High Value
12935,1.0986122886681098,4.867534450455582,7.678650228164007,High Value
16730,3.970291913552122,4.418840607796598,6.612188873366803,Regular
14541,4.0943445622221,4.663439094112067,7.282314344394418,Regular
13551,5.768320995793772,1.6094379124341003,4.530446639792155,At Risk
12421,2.833213344056216,3.828641396489095,6.694611562246261,Regular
15797,5.723585101952381,1.791759469228055,7.126730153424127,At Risk
15052,5.768320995793772,3.367295829986474,5.341041550757815,At Risk
14130,5.768320995793772,4.204692619390966,6.177757374624178,Regular
15222,5.768320995793772,1.791759469228055,6.373319789577012,At Risk
13615,5.768320995793772,3.1780538303479458,6.037130789291114,At Risk
13901,4.290459441148391,5.0106352940962555,7.961439934295112,Regular
13158,4.564348191467836,4.382026634673881,7.091792030654675,Regular
14257,4.174387269895637,4.663439094112067,7.955467178521455,Regular
15218,2.4849066497880004,5.081404364984463,8.457419832172986,High Value
15110,3.2188758248682006,3.58351893845611,6.904851065834747,Regular
15967,3.1780538303479458,4.394449154672439,5.988159090099256,Regular
16757,5.768320995793772,2.0794415416798357,4.680555912893981,At Risk
13815,3.1354942159291497,5.170483995038151,8.285987226011983,High Value
18008,4.2626798770413155,3.258096538021482,5.841948942039205,At Risk
14534,1.3862943611198906,6.2324480165505225,8.38897338161233,High Value
13703,5.765191102784844,0.6931471805599453,4.61015772749913,At Risk
15339,4.204692619390966,4.465908118654584,6.354491772518179,Regular
12744,3.970291913552122,5.402677381872279,9.958065222452692,High Value
12854,4.382026634673881,4.700480365792417,7.183301509089395,Regular
16222,5.765191102784844,4.812184355372417,6.652282215552372,Regular
14341,3.828641396489095,4.859812404361672,7.6815511374247345,Regular
13168,3.6109179126442243,4.844187086458591,7.170573286646459,Regular
16943,5.3612921657094255,3.5263605246161616,6.706532208766916,Regular
17515,3.4657359027997265,4.477336814478207,6.461499425865447,Regular
17082,3.5263605246161616,4.406719247264253,7.603324523974459,Regular
14248,5.765191102784844,2.1972245773362196,5.715645167198713,At Risk
12609,4.3694478524670215,4.110873864173311,7.0280684444921455,Regular
13002,5.765191102784844,2.0794415416798357,4.80361112466193,At Risk
16133,1.6094379124341003,5.7899601708972535,9.450399249085466,High Value
13049,4.174387269895637,2.70805020110221,6.488718490843878,At Risk
14548,5.0238805208462765,1.6094379124341003,6.48280149429011,At Risk
13405,4.31748811353631,3.332204510175204,6.351672492640208,Regular
16043,3.6635616461296463,3.6888794541139363,6.652850126044293,Regular
14049,2.8903717578961645,6.171700597410915,8.626893874904868,High Value
15812,4.68213122712422,3.713572066704308,7.427251206795628,Regular
13837,5.3612921657094255,2.9444389791664403,5.589455958348054,At Risk
17118,5.765191102784844,2.3978952727983707,5.062721607294587,At Risk
14616,5.497168225293202,1.3862943611198906,6.009009726323731,At Risk
14233,3.912023005428146,3.5553480614894135,7.116166845535832,Regular
17075,2.9444389791664403,4.356708826689592,6.727575427100043,Regular
16714,5.393627546352362,4.477336814478207,7.030026007641905,Regular
13098,0.6931471805599453,6.340359303727752,10.21267668127234,High Value
17027,4.382026634673881,5.003946305945459,6.778284203530562,Regular
17786,4.454347296253507,4.23410650459726,5.590427122326969,Regular
12591,5.762051382780177,3.295836866004329,6.117766746972636,At Risk
16124,5.762051382780177,2.4849066497880004,5.521460917862246,At Risk
16409,3.6109179126442243,5.44673737166631,7.61282114893561,High Value
13754,5.030437921392435,2.5649493574615367,5.647564794657972,At Risk
15227,3.6375861597263857,4.07753744390572,7.106933952842515,Regular
12997,3.1354942159291497,4.0943445622221,7.113052528147638,Regular
16918,3.9318256327243257,4.859812404361672,6.975245689005592,Regular
16882,4.219507705176107,3.6888794541139363,6.559785194721083,Regular
14442,5.327876168789581,4.1588830833596715,7.372004885545176,Regular
16496,2.302585092994046,4.564348191467836,7.378083855426812,High Value
12764,5.762051382780177,3.828641396489095,7.435367220848186,Regular
17311,4.3694478524670215,4.007333185232471,7.1243574822529245,Regular
15910,0.6931471805599453,5.58724865840025,7.114671882631472,High Value
16949,1.6094379124341003,4.110873864173311,7.160278975803028,High Value
14970,4.23410650459726,3.5553480614894135,7.373411973984176,Regular
14701,2.4849066497880004,5.793013608384144,7.834823722108157,High Value
12645,3.5553480614894135,4.30406509320417,7.482220269767765,Regular
12468,5.241747015059643,3.6635616461296463,6.593783986707386,Regular
16767,3.4657359027997265,5.3981627015177525,8.61036290022794,High Value
14738,3.784189633918261,4.007333185232471,7.181934091396172,Regular
17540,3.258096538021482,3.258096538021482,6.362855674882395,Regular
14239,3.784189633918261,4.727387818712341,7.775632775640216,Regular
18125,3.4339872044851463,5.262690188904886,7.032403583547247,Regular
13328,5.75890177387728,2.833213344056216,6.949933153881006,At Risk
15549,4.356708826689592,4.74493212836325,7.428012287090657,Regular
15864,4.219507705176107,2.772588722239781,7.068274209815247,Regular
14662,3.4011973816621555,5.062595033026967,6.609847771172747,Regular
17180,4.04305126783455,4.836281906951478,6.665645500491627,Regular
15057,5.62040086571715,3.258096538021482,7.306866913118126,Regular
12574,5.75890177387728,2.4849066497880004,5.391124416134243,At Risk
13330,4.543294782270004,3.9889840465642745,7.040475092365302,Regular
13552,4.204692619390966,4.700480365792417,8.227126945747532,Regular
12853,4.912654885736052,4.3694478524670215,7.579729894309281,Regular
13538,3.784189633918261,3.258096538021482,7.156059625954846,Regular
16755,4.74493212836325,5.111987788356544,7.2973822906459604,Regular
14133,4.875197323201151,3.367295829986474,6.4079355343926805,Regular
16523,1.0986122886681098,5.673323267171493,9.150534102717932,High Value
14659,2.302585092994046,5.537334267018537,7.836342103110113,High Value
13141,4.454347296253507,4.912654885736052,7.778944036943872,Regular
15365,3.295836866004329,4.74493212836325,7.74730318590928,High Value
13707,5.5909869805108565,3.8918202981106265,6.693831593776871,Regular
13709,1.6094379124341003,5.817111159963204,8.74967698652825,High Value
17329,2.70805020110221,3.5263605246161616,6.261701585954275,Regular
14805,2.772588722239781,3.8501476017100584,6.305179796606579,Regular
16897,5.703782474656201,3.6375861597263857,5.672566967503279,At Risk
15579,4.248495242049359,3.8918202981106265,5.794841205603168,Regular
14595,3.044522437723423,4.634728988229636,7.462559509920338,High Value
13161,5.749392985908253,2.1972245773362196,4.7340030578310595,At Risk
15415,5.749392985908253,3.871201010907891,6.329025476602274,At Risk
17431,5.749392985908253,3.784189633918261,6.002157176646725,At Risk
17463,2.833213344056216,5.342334251964811,7.537355446697666,High Value
14502,3.044522437723423,6.411818267709897,7.795988041800972,High Value
12528,2.302585092994046,4.532599493153256,7.567593835498341,High Value
17239,5.749392985908253,2.772588722239781,5.949339620807311,At Risk
14426,3.2188758248682006,5.41610040220442,8.407974130025062,High Value
15448,5.749392985908253,3.367295829986474,6.2058498567482925,At Risk
17314,3.258096538021482,4.875197323201151,7.813284310932245,High Value
17373,3.713572066704308,4.060443010546419,6.473767231940735,Regular
18145,2.6390573296152584,5.402677381872279,7.959468114958852,High Value
14467,2.9444389791664403,4.499809670330265,6.392352529473033,Regular
15144,2.1972245773362196,5.384495062789089,8.792008845361094,High Value
14776,3.9512437185814275,4.770684624465665,7.839643731479347,Regular
16403,5.746203190540153,2.3978952727983707,5.184588601219693,At Risk
16407,2.6390573296152584,5.1298987149230735,7.640450042344582,High Value
17619,5.746203190540153,4.31748811353631,5.372357479256501,At Risk
12778,3.044522437723423,3.9318256327243257,6.713235627004493,Regular
17256,4.68213122712422,2.833213344056216,5.484796933490655,At Risk
17604,5.384495062789089,4.1588830833596715,5.737732914025749,At Risk
14006,4.762173934797756,3.4339872044851463,6.870250692440862,Regular
13600,5.746203190540153,2.995732273553991,5.395988393721483,At Risk
15058,3.258096538021482,5.58724865840025,7.651376918775613,High Value
15240,3.828641396489095,4.3694478524670215,7.442826586212262,Regular
17147,3.1780538303479458,4.406719247264253,7.447512323761201,Regular
13881,1.6094379124341003,5.081404364984463,9.4091813946074,High Value
16570,2.772588722239781,4.844187086458591,8.226680449731173,High Value
16612,3.5263605246161616,4.204692619390966,7.08058190121429,Regular
17356,5.746203190540153,2.995732273553991,5.188614101456073,At Risk
12836,4.0943445622221,5.1647859739235145,7.867626437402386,High Value
14850,5.746203190540153,3.091042453358316,5.789195352504331,At Risk
13939,3.1780538303479458,3.828641396489095,6.344846575345921,Regular
16745,4.477336814478207,5.872117789475416,8.870834338042183,High Value
13606,3.4011973816621555,3.713572066704308,5.6267214285197396,Regular
13494,5.746203190540153,2.9444389791664403,5.759721626980309,At Risk
13802,4.941642422609304,4.07753744390572,8.3085490142908,Regular
12929,5.746203190540153,2.1972245773362196,4.777862193806203,At Risk
16419,4.736198448394496,3.9318256327243257,6.866631155492188,Regular
17035,5.5093883366279774,3.367295829986474,6.07426498720113,At Risk
15203,3.295836866004329,4.962844630259907,7.511415293040546,High Value
16515,3.970291913552122,4.718498871295094,7.393349244898962,Regular
12373,5.7430031878094825,2.70805020110221,5.901539839579995,At Risk
18202,5.303304908059076,4.23410650459726,7.242790769692349,Regular
12775,2.8903717578961645,4.204692619390966,7.23492725912033,Regular
14549,5.7430031878094825,4.04305126783455,5.670708166926771,At Risk
15981,3.258096538021482,4.584967478670572,8.134315065980752,High Value
16110,3.828641396489095,5.8377304471659395,7.186863198213779,High Value
17376,4.276666119016055,3.2188758248682006,5.319099905730565,At Risk
13110,3.4657359027997265,4.983606621708336,7.306309897899894,Regular
16716,5.5909869805108565,1.0986122886681098,6.804836224974296,At Risk
12676,3.258096538021482,3.828641396489095,7.194729601037682,Regular
15940,5.7430031878094825,0.6931471805599453,3.6054978451748854,At Risk
15971,2.9444389791664403,3.5263605246161616,8.077090053602461,Regular
14665,4.127134385045092,4.51085950651685,7.5157257621344895,Regular
14457,5.7430031878094825,1.6094379124341003,4.741796783519916,At Risk
15589,5.54907608489522,3.4011973816621555,6.172806457538428,At Risk
14411,5.7430031878094825,2.70805020110221,6.96979066990159,At Risk
17560,4.564348191467836,3.295836866004329,6.7522119632207875,Regular
15226,5.7430031878094825,2.1972245773362196,5.04606678592752,At Risk
14460,4.709530201312334,2.772588722239781,5.975284350878944,At Risk
16156,2.302585092994046,4.859812404361672,8.03690970502951,High Value
13728,3.6375861597263857,4.1588830833596715,6.924750046357999,Regular
14127,4.820281565605037,3.8066624897703196,6.566264470368445,Regular
16378,5.5134287461649825,3.1780538303479458,5.897016495564267,At Risk
13894,3.2188758248682006,3.332204510175204,6.337922474636114,Regular
13824,3.5263605246161616,3.8501476017100584,7.438348235303808,Regular
18250,5.739792912179234,3.091042453358316,5.858704285656805,At Risk
15270,2.833213344056216,3.6375861597263857,7.454540535122081,Regular
14188,3.4657359027997265,4.189654742026425,7.628206294069428,Regular
18017,4.406719247264253,1.3862943611198906,6.261491684321042,At Risk
15421,4.0943445622221,3.9889840465642745,6.857892539809733,Regular
17446,5.181783550292085,2.302585092994046,4.803201036487226,At Risk
12414,5.384495062789089,2.9444389791664403,6.334007604663525,At Risk
14798,3.9889840465642745,2.5649493574615367,5.163299154869948,At Risk
12990,3.4657359027997265,2.6390573296152584,6.017375928892483,At Risk
12350,5.739792912179234,2.8903717578961645,5.815323849389109,At Risk
17337,5.0238805208462765,6.257667587882639,7.591891986883801,Regular
16405,5.713732805509369,1.6094379124341003,4.328757705794541,At Risk
17071,3.367295829986474,4.948759890378168,7.795658881937399,High Value
13873,4.795790545596741,3.1780538303479458,5.967684018442578,At Risk
17362,5.480638923341991,3.58351893845611,5.746937744970129,At Risk
13394,1.0986122886681098,5.049856007249537,7.832418860516229,High Value
12502,4.574710978503383,4.997212273764115,8.222787230875806,Regular
16030,5.739792912179234,3.4011973816621555,5.805857599322498,At Risk
14044,3.332204510175204,5.332718793265369,6.472995233816948,Regular
13800,5.739792912179234,3.5263605246161616,6.32672176017265,At Risk
17672,3.9318256327243257,4.709530201312334,8.064375435416844,Regular
12464,2.3978952727983707,3.4011973816621555,7.100893128209941,Regular
13581,5.736572297479192,2.3978952727983707,4.77912349311153,At Risk
14540,2.3978952727983707,4.276666119016055,6.860307213794826,Regular
13539,4.465908118654584,3.6375861597263857,6.449427224173901,Regular
15885,4.543294782270004,2.9444389791664403,5.9410918814433105,At Risk
14497,5.736572297479192,3.4011973816621555,6.166194863206115,At Risk
17507,5.572154032177765,4.48863636973214,6.407836624054821,Regular
13208,4.0943445622221,5.003946305945459,7.105498967663615,Regular
17334,5.713732805509369,2.4849066497880004,5.73016471593032,At Risk
13871,3.1780538303479458,5.820082930352362,8.764717111455825,High Value
16938,2.302585092994046,5.459585514144159,7.538723818362802,High Value
12754,5.4680601411351315,3.9512437185814275,6.060010652142997,At Risk
12410,5.736572297479192,3.295836866004329,6.542947351813216,At Risk
17929,2.4849066497880004,1.791759469228055,6.738152494595957,Regular
14778,4.852030263919617,3.58351893845611,6.595589238838791,Regular
17517,5.736572297479192,2.4849066497880004,5.043037945203756,At Risk
17226,5.736572297479192,3.091042453358316,5.977593791422191,At Risk
13137,2.4849066497880004,6.5337888379333435,8.189880081639725,High Value
17381,3.2188758248682006,3.784189633918261,8.141111141952276,Regular
13725,3.9318256327243257,4.653960350157523,7.5916396922628975,Regular
13309,2.0794415416798357,4.68213122712422,7.2846768692730555,High Value
12842,4.2626798770413155,3.5553480614894135,7.0210750356778515,Regular
16109,5.393627546352362,2.8903717578961645,6.314272421535137,At Risk
17291,5.733341276897746,0.6931471805599453,6.313185661783185,At Risk
15090,5.733341276897746,3.1780538303479458,5.946257954269902,At Risk
15199,4.0943445622221,2.6390573296152584,7.1465359310757455,Regular
13911,4.060443010546419,4.983606621708336,7.735918374717533,Regular
14194,1.791759469228055,6.363028103540465,9.337018836838048,High Value
14842,3.8066624897703196,4.983606621708336,7.946507861544517,High Value
13584,5.730099782973574,3.2188758248682006,4.96563792816552,At Risk
17105,5.075173815233827,4.51085950651685,6.50246015642561,Regular
14438,5.726847747587197,2.302585092994046,4.8895969657192,At Risk
12956,5.726847747587197,2.995732273553991,4.691989877940651,At Risk
15781,3.258096538021482,3.044522437723423,5.847767371850795,Regular
14410,4.532599493153256,5.247024072160486,7.004219338265954,Regular
14600,5.726847747587197,3.258096538021482,5.977188122189173,At Risk
17302,2.772588722239781,4.382026634673881,7.035823023024634,Regular
17613,3.1780538303479458,5.726847747587197,8.421904011391415,High Value
13334,4.418840607796598,5.583496308781699,8.161466369296502,High Value
13955,5.043425116919247,3.5263605246161616,5.780620051380789,At Risk
17162,3.4011973816621555,4.653960350157523,7.448019309392898,Regular
17774,4.584967478670572,5.0369526024136295,7.10227710885741,Regular
13809,5.723585101952381,2.5649493574615367,5.0501764687167885,At Risk
15407,3.5553480614894135,5.003946305945459,6.954390742498122,Regular
15577,5.0238805208462765,3.6888794541139363,5.5602199860123305,At Risk
16332,3.367295829986474,5.0238805208462765,7.367582301776312,High Value
14048,5.723585101952381,4.454347296253507,6.018422883689063,Regular
14475,4.290459441148391,3.7612001156935624,6.831791740175098,Regular
17859,5.723585101952381,3.1780538303479458,4.962285033155209,At Risk
12576,3.6109179126442243,4.48863636973214,7.182982612166326,Regular
12599,3.4011973816621555,4.143134726391533,6.940783782995926,Regular
14562,1.6094379124341003,6.040254711277414,8.518745985207708,High Value
16951,4.912654885736052,4.465908118654584,7.153638317265837,Regular
16998,5.017279836814924,1.6094379124341003,5.69035945432406,At Risk
13133,5.616771097666572,2.0794415416798357,4.707726774313183,At Risk
17881,5.720311776607412,2.1972245773362196,4.9004483350615,At Risk
15843,5.720311776607412,2.1972245773362196,4.787074989285704,At Risk
17083,4.700480365792417,3.970291913552122,7.249058683836842,Regular
15970,5.720311776607412,2.4849066497880004,5.752890048763229,At Risk
13590,2.4849066497880004,4.442651256490317,7.450846717335039,High Value
17537,3.4339872044851463,4.31748811353631,6.789725963001244,Regular
12401,5.717027701406222,1.791759469228055,4.446174454497633,At Risk
12462,2.995732273553991,4.143134726391533,7.082204261557526,Regular
17843,5.717027701406222,3.6375861597263857,5.330203555410359,At Risk
13706,5.717027701406222,3.044522437723423,5.8045022386644325,At Risk
17686,2.0794415416798357,5.659482215759621,8.655294625475447,High Value
14431,5.717027701406222,2.8903717578961645,6.1556221332742656,At Risk
15809,3.6109179126442243,3.58351893845611,6.247597901247849,Regular
12561,5.717027701406222,2.833213344056216,5.480013727948073,At Risk
14465,5.5134287461649825,4.820281565605037,6.946437385574481,Regular
18093,4.543294782270004,3.58351893845611,7.614963143190416,Regular
16027,4.927253685157205,2.3978952727983707,5.943376636300927,At Risk
12857,5.356586274672012,3.8501476017100584,7.009770204388867,Regular
18230,2.302585092994046,4.465908118654584,7.941366717432833,High Value
16425,5.713732805509369,3.091042453358316,5.716040372051703,At Risk
16842,4.624972813284271,4.1588830833596715,7.142977587511544,Regular
15796,0.6931471805599453,4.890349128221754,7.904559992078387,High Value
14555,4.060443010546419,2.995732273553991,5.747926943640385,At Risk
15114,3.4339872044851463,5.288267030694535,7.923551016427315,High Value
15133,4.859812404361672,3.4011973816621555,6.891036292375263,Regular
17705,1.3862943611198906,4.6443908991413725,7.5090722177237925,High Value
12897,5.327876168789581,1.6094379124341003,5.382198850528739,At Risk
17512,3.4011973816621555,4.564348191467836,7.637692335988934,Regular
12477,3.1780538303479458,5.707110264748875,9.489542087633343,High Value
15550,1.6094379124341003,4.127134385045092,6.357200812987149,Regular
18159,5.71042701737487,3.1780538303479458,6.275044467226023,At Risk
13875,4.007333185232471,4.653960350157523,7.488735499171278,Regular
15406,3.4657359027997265,3.9889840465642745,6.237758058320892,Regular
17282,4.875197323201151,4.454347296253507,6.963360264654859,Regular
16434,3.4011973816621555,4.68213122712422,7.321717517344248,Regular
17050,4.574710978503383,5.733341276897746,8.066722349141488,High Value
13171,3.1354942159291497,3.8501476017100584,6.151476586982076,Regular
17472,5.2574953720277815,5.1647859739235145,6.548992442626483,Regular
17255,3.7376696182833684,4.31748811353631,5.678396288265786,Regular
16084,5.703782474656201,3.6635616461296463,6.0803450096018565,At Risk
17667,4.204692619390966,4.762173934797756,7.628765650289339,Regular
12507,4.90527477843843,2.833213344056216,6.532930911880475,At Risk
14631,3.9512437185814275,3.7376696182833684,6.915703607164632,Regular
13381,3.4965075614664802,5.153291594497779,8.199824121839633,High Value
15236,5.703782474656201,2.772588722239781,5.7747068129929,At Risk
13475,5.2574953720277815,4.465908118654584,7.2673718919667785,Regular
17829,5.703782474656201,3.4339872044851463,6.7914910892950235,At Risk
13717,3.4965075614664802,4.624972813284271,7.255428831682054,Regular
13157,3.912023005428146,4.477336814478207,7.462915441057162,Regular
14644,4.23410650459726,3.295836866004329,6.723543937669715,Regular
12993,3.1780538303479458,3.332204510175204,6.030108170700187,Regular
17571,3.9318256327243257,5.605802066295998,7.263098336353601,High Value
16979,1.6094379124341003,4.499809670330265,7.52456122628536,High Value
16738,5.700443573390687,0.6931471805599453,1.55814461804655,At Risk
15122,4.74493212836325,4.418840607796598,7.399263517702882,Regular
13848,5.700443573390687,1.0986122886681098,4.912654885736052,At Risk
17612,3.9889840465642745,4.912654885736052,7.625326743452606,Regular
17348,2.772588722239781,5.365976015021851,7.054104175317274,High Value
13893,5.700443573390687,3.091042453358316,6.711862042158088,At Risk
14035,3.4011973816621555,4.204692619390966,7.264744173633186,Regular
13623,3.4657359027997265,4.3694478524670215,6.591317015443623,Regular
14346,4.804021044733257,4.110873864173311,6.9300841244652,Regular
16431,5.365976015021851,4.343805421853684,6.436598985674353,Regular
12616,4.564348191467836,3.4965075614664802,6.571303042160927,Regular
16317,4.795790545596741,4.248495242049359,7.202400551985058,Regular
14935,5.697093486505405,2.302585092994046,7.327228480678145,At Risk
16073,5.697093486505405,0.6931471805599453,4.8154311114712876,At Risk
14477,3.044522437723423,2.3978952727983707,7.178240326605397,Regular
14760,5.697093486505405,1.791759469228055,4.502029427068578,At Risk
14897,2.1972245773362196,4.02535169073515,7.220651779074644,High Value
15810,4.382026634673881,4.499809670330265,7.239200616174941,Regular
16509,5.697093486505405,2.6390573296152584,5.8990750978146345,At Risk
14386,5.697093486505405,2.0794415416798357,4.96563792816552,At Risk
12455,4.30406509320417,4.499809670330265,7.744769009954488,Regular
14530,3.295836866004329,5.3612921657094255,7.921539260573991,High Value
15670,5.697093486505405,2.5649493574615367,5.159342614257448,At Risk
12653,5.0106352940962555,3.784189633918261,7.701132335950876,Regular
16126,3.4011973816621555,4.770684624465665,8.74652078208272,High Value
12823,4.330733340286331,1.791759469228055,7.473353138595107,At Risk
12352,3.6109179126442243,4.454347296253507,7.826858053356098,Regular
12372,4.290459441148391,3.970291913552122,7.169380809114136,Regular
14944,3.4339872044851463,5.14166355650266,8.682919471860496,High Value
16494,5.697093486505405,3.9318256327243257,6.7184453603705006,Regular
14959,4.174387269895637,4.0943445622221,6.545952926608586,Regular
16148,5.6937321388027,0.6931471805599453,4.34795265434013,At Risk
17422,2.833213344056216,4.762173934797756,7.562270772878633,High Value
17175,3.8066624897703196,4.1588830833596715,7.275650044659092,Regular
18257,3.6888794541139363,4.77912349311153,7.757320566811742,Regular
12362,1.3862943611198906,5.58724865840025,8.56163678004062,High Value
13018,2.833213344056216,6.129050210060545,8.892707553816384,High Value
13718,5.5093883366279774,2.5649493574615367,5.728637675654378,At Risk
15382,2.772588722239781,5.71042701737487,8.685238323291383,High Value
14754,3.828641396489095,3.7376696182833684,6.459982698577723,Regular
13151,5.6937321388027,4.31748811353631,7.1379697721602025,Regular
12654,2.4849066497880004,3.6635616461296463,6.401884028681278,Regular
13085,5.0689042022202315,3.1354942159291497,6.0332780499213925,At Risk
15903,2.3978952727983707,4.31748811353631,8.54242419563319,High Value
15785,3.5263605246161616,4.430816798843313,7.753610670940375,Regular
18138,5.69035945432406,2.1972245773362196,5.034677288576494,At Risk
14379,3.8066624897703196,3.8501476017100584,5.855358414110991,Regular
14211,3.9889840465642745,4.727387818712341,7.715168205670426,Regular
14371,5.69035945432406,1.6094379124341003,4.620058798481842,At Risk
13425,4.6913478822291435,4.3694478524670215,7.393392317183492,Regular
12852,5.69035945432406,2.8903717578961645,5.744764456377822,At Risk
15228,4.204692619390966,4.836281906951478,8.127909455886419,Regular
13012,2.302585092994046,4.48863636973214,7.407220618377491,High Value
16182,4.290459441148391,2.70805020110221,7.339310396850042,Regular
13489,4.663439094112067,2.6390573296152584,5.677164676751909,At Risk
12714,2.302585092994046,5.560681631015528,8.45741346257719,High Value
13904,3.6375861597263857,3.295836866004329,5.810062567373411,Regular
15755,2.3978952727983707,4.955827057601261,7.768639003584553,High Value
13932,5.69035945432406,2.833213344056216,5.731397641689174,At Risk
13799,4.770684624465665,3.6888794541139363,6.5364886784538845,Regular
13951,5.176149732573829,3.6888794541139363,6.5153791354156905,Regular
16765,5.68697535633982,0.6931471805599453,3.5553480614894135,At Risk
16566,2.772588722239781,2.9444389791664403,6.422694863102173,Regular
12891,5.683579767338681,0.6931471805599453,3.7612001156935624,At Risk
16466,3.5553480614894135,4.990432586778736,7.375857100938276,Regular
16115,2.3978952727983707,5.634789603169249,7.415704770642627,High Value
14162,5.1647859739235145,3.258096538021482,5.67112153241664,At Risk
13301,4.653960350157523,4.406719247264253,6.428250657915328,Regular
14803,5.093750200806762,3.8066624897703196,6.741169266574241,Regular
13744,4.564348191467836,4.143134726391533,6.946745196273333,Regular
12988,5.680172609017068,4.430816798843313,6.228155910967461,Regular
17323,2.772588722239781,5.278114659230517,6.810715604463653,High Value
12707,5.680172609017068,3.5263605246161616,6.404269320519532,At Risk
18094,4.418840607796598,4.219507705176107,7.777080181575547,Regular
15129,3.9318256327243257,4.430816798843313,8.11513826203329,Regular
17361,3.912023005428146,3.4011973816621555,6.192771403813017,Regular
18155,4.330733340286331,3.258096538021482,5.920559133592207,At Risk
15321,4.276666119016055,4.564348191467836,7.919105250086756,Regular
13477,3.6635616461296463,4.382026634673881,7.283159725605137,Regular
15065,3.6635616461296463,5.049856007249537,8.058051952218728,High Value
16980,5.545177444479562,4.394449154672439,6.679925765677213,Regular
15146,5.111987788356544,4.5217885770490405,7.1915498047067254,Regular
12365,5.676753802268282,3.1354942159291497,6.465180028897591,At Risk
13410,3.2188758248682006,3.367295829986474,6.911807059422235,Regular
13044,5.676753802268282,3.5263605246161616,6.330558344434147,At Risk
16441,4.219507705176107,3.2188758248682006,5.945944031806173,At Risk
16014,3.6635616461296463,4.9344739331306915,6.473628316254615,Regular
14520,1.0986122886681098,1.6094379124341003,5.604330395684541,Regular
17994,4.812184355372417,4.382026634673881,6.516030340908829,Regular
13038,4.394449154672439,3.367295829986474,6.812851016782114,Regular
17002,4.465908118654584,3.912023005428146,7.309700867507591,Regular
15722,3.6109179126442243,4.204692619390966,7.591463048147337,Regular
16349,5.676753802268282,2.302585092994046,3.9982007016691985,At Risk
16913,5.673323267171493,2.1972245773362196,4.74005066818191,At Risk
17442,3.6375861597263857,4.912654885736052,7.7184899205194295,High Value
14895,2.1972245773362196,6.210600077024653,9.312437468469481,High Value
18114,5.673323267171493,3.367295829986474,5.3986150878634005,At Risk
15303,5.673323267171493,3.4657359027997265,6.354404822801145,At Risk
12845,5.5909869805108565,3.295836866004329,4.985590952989995,At Risk
18188,2.772588722239781,4.276666119016055,7.601921939695548,High Value
16045,4.795790545596741,4.430816798843313,7.201692745596426,Regular
16573,4.454347296253507,3.7612001156935624,6.499200402451892,Regular
13421,3.713572066704308,4.634728988229636,7.514641709852188,Regular
18196,4.564348191467836,4.941642422609304,6.533250902574385,Regular
13285,3.1780538303479458,5.236441962829949,7.904748193336201,High Value
13184,2.772588722239781,5.187385805840755,7.408403286067493,High Value
18151,4.912654885736052,3.6635616461296463,6.483642376501489,Regular
13804,3.4657359027997265,4.912654885736052,7.85917760571858,High Value
17499,5.673323267171493,3.713572066704308,6.435958042183625,At Risk
15397,5.673323267171493,1.9459101490553132,4.553876891600541,At Risk
14276,4.605170185988092,4.174387269895637,7.021744460399267,Regular
13453,5.117993812416755,2.8903717578961645,5.880477118918354,At Risk
18172,2.772588722239781,5.220355825078324,8.68789415658111,High Value
16394,4.060443010546419,4.406719247264253,7.233440978083962,Regular
17711,2.4849066497880004,3.1780538303479458,5.956096403270191,Regular
13865,4.07753744390572,3.4339872044851463,6.219715035790337,Regular
16940,3.970291913552122,5.723585101952381,8.023185352576407,High Value
14289,2.302585092994046,3.871201010907891,6.815925037163848,Regular
16208,3.828641396489095,4.204692619390966,6.500177941687698,Regular
17063,3.091042453358316,4.3694478524670215,7.287656394959027,Regular
13149,2.70805020110221,4.465908118654584,7.424797539358498,High Value
18068,5.66988092298052,0.6931471805599453,4.631812116934513,At Risk
15932,1.6094379124341003,4.7535901911063645,7.822793226449505,High Value
16692,5.54907608489522,1.0986122886681098,5.072043922224899,At Risk
17171,5.66988092298052,2.833213344056216,5.420136689869131,At Risk
18231,5.262690188904886,4.820281565605037,7.636641155966783,Regular
14004,3.784189633918261,5.147494476813453,8.430248721279204,High Value
17139,2.833213344056216,6.169610732491456,9.273481354511448,High Value
14513,5.337538079701318,2.4849066497880004,5.7631514064630345,At Risk
15974,3.6888794541139363,5.176149732573829,8.14414202904651,High Value
17830,1.0986122886681098,3.1780538303479458,5.990714265717278,Regular
12565,5.66988092298052,2.302585092994046,4.989888220951467,At Risk
12582,5.480638923341991,3.1354942159291497,6.239027502962935,At Risk
14231,5.220355825078324,3.9318256327243257,6.831640679513165,Regular
17867,3.4339872044851463,4.219507705176107,6.392369272459815,Regular
14880,4.356708826689592,3.8501476017100584,6.5389932944796145,Regular
13118,3.044522437723423,4.382026634673881,7.089084677082725,Regular
15121,3.9318256327243257,3.367295829986474,6.12844000213506,Regular
17117,5.666426688112432,2.302585092994046,4.763881877142913,At Risk
12945,5.666426688112432,3.1780538303479458,6.139776787799188,At Risk
18056,5.666426688112432,2.995732273553991,5.898937989430242,At Risk
16072,5.666426688112432,3.1780538303479458,6.3721587062242255,At Risk
16838,5.288267030694535,3.258096538021482,6.3798682672878515,At Risk
15543,5.666426688112432,3.367295829986474,4.858726543710496,At Risk
13751,5.666426688112432,2.302585092994046,5.694573535570891,At Risk
15847,3.6635616461296463,3.091042453358316,5.798456088258882,Regular
13851,4.574710978503383,4.394449154672439,7.475599973546952,Regular
13501,5.666426688112432,3.970291913552122,7.201409482704207,Regular
12633,4.0943445622221,4.61512051684126,7.577111690168842,Regular
13345,5.666426688112432,3.044522437723423,5.967427969279741,At Risk
13870,1.0986122886681098,4.7535901911063645,7.927302715053892,High Value
17034,2.833213344056216,3.4339872044851463,6.615422408314929,Regular
16592,1.6094379124341003,5.37989735354046,8.322316345810338,High Value
15712,2.302585092994046,3.9889840465642745,6.978549194282216,Regular
13362,2.302585092994046,5.117993812416755,8.036489318202769,High Value
14470,2.5649493574615367,3.784189633918261,6.135976061950666,Regular
16841,3.6375861597263857,4.762173934797756,7.534132116408228,Regular
13753,5.666426688112432,3.58351893845611,6.609699586102796,At Risk
13666,4.110873864173311,2.5649493574615367,4.450269224770129,At Risk
12361,5.662960480135946,2.3978952727983707,5.251749730731702,At Risk
14481,5.111987788356544,3.4339872044851463,6.457569963184063,Regular
13792,4.204692619390966,2.6390573296152584,5.280916851867869,At Risk
17663,3.295836866004329,4.465908118654584,7.4977118102428095,Regular
13973,5.662960480135946,2.4849066497880004,5.582367852765768,At Risk
15990,3.8066624897703196,3.970291913552122,6.675961925760257,Regular
13493,5.62040086571715,2.0794415416798357,6.246009861561723,At Risk
13684,5.659482215759621,3.4011973816621555,4.191622501686571,At Risk
13261,5.598421958998375,2.302585092994046,6.8512907420010105,At Risk
16598,5.659482215759621,2.3978952727983707,4.98394902883375,At Risk
14147,4.3694478524670215,1.791759469228055,6.182911011678937,At Risk
15951,2.302585092994046,3.7376696182833684,6.56416577459204,Regular
13971,2.995732273553991,5.0106352940962555,7.922717806819661,High Value
17516,2.772588722239781,4.912654885736052,6.641025499505004,Regular
13630,1.791759469228055,4.2626798770413155,7.539101521136491,High Value
14157,3.044522437723423,3.8501476017100584,6.054181096963448,Regular
13636,3.6375861597263857,4.1588830833596715,6.856588292406893,Regular
13610,2.5649493574615367,5.375278407684165,6.987794909727863,High Value
14745,4.736198448394496,4.248495242049359,7.107638391655096,Regular
12781,4.174387269895637,3.258096538021482,6.718699095412067,Regular
14036,5.655991810819852,3.6635616461296463,6.441982686264217,At Risk
16057,2.833213344056216,4.804021044733257,7.724941441452005,High Value
16992,2.4849066497880004,4.543294782270004,7.38728216770102,High Value
15724,5.308267697401205,2.4849066497880004,5.390212631252292,At Risk
12458,4.276666119016055,3.6635616461296463,6.854776354191251,Regular
12598,2.3978952727983707,4.890349128221754,8.01436219197595,High Value
13675,5.0238805208462765,3.258096538021482,6.189946485351331,At Risk
14227,3.295836866004329,5.170483995038151,8.117300528356548,High Value
16668,2.772588722239781,3.044522437723423,5.729190278590734,Regular
16667,4.23410650459726,3.970291913552122,6.342438269926957,Regular
13509,2.302585092994046,3.8066624897703196,6.888286995786739,Regular
15874,4.174387269895637,4.7535901911063645,8.313822855200968,High Value
16187,3.4965075614664802,5.69035945432406,8.841077965865253,High Value
16339,5.652489180268651,2.9444389791664403,4.554403068934438,At Risk
12509,5.652489180268651,2.0794415416798357,5.178970608915471,At Risk
14046,5.652489180268651,2.70805020110221,5.049791902630777,At Risk
13292,3.6888794541139363,3.4657359027997265,6.362924649913461,Regular
16427,5.575949103146316,2.302585092994046,5.489185629310458,At Risk
14056,0.6931471805599453,6.9930151229329605,9.006228317380044,High Value
15656,3.828641396489095,3.871201010907891,6.619406317542652,Regular
12811,5.568344503761097,3.4657359027997265,6.245816025546385,At Risk
16518,4.127134385045092,3.713572066704308,6.1848084671836725,Regular
17165,5.652489180268651,2.3978952727983707,5.073171812563154,At Risk
17462,4.110873864173311,3.332204510175204,6.517213265531828,Regular
14620,5.332718793265369,3.295836866004329,6.0253344316155975,At Risk
14740,5.288267030694535,4.499809670330265,7.278773859355933,Regular
16462,4.31748811353631,1.3862943611198906,4.919980925828125,At Risk
12428,3.295836866004329,5.68697535633982,8.981865132439246,High Value
16078,5.652489180268651,0.6931471805599453,4.384523514872469,At Risk
16915,2.302585092994046,4.060443010546419,6.4340327431676485,Regular
15676,2.995732273553991,5.313205979041787,8.142284446073054,High Value
15709,5.652489180268651,1.9459101490553132,4.899703733388974,At Risk
15241,4.219507705176107,4.709530201312334,7.471613483699497,Regular
12933,3.2188758248682006,4.672828834461906,6.411046212773516,Regular
15092,5.375278407684165,3.295836866004329,6.1286361810072245,At Risk
12679,4.0943445622221,3.8918202981106265,7.015730373647435,Regular
15319,5.652489180268651,2.833213344056216,5.32544603393629,At Risk
16212,2.995732273553991,3.7376696182833684,6.538631743276411,Regular
15257,5.648974238161206,2.0794415416798357,5.762522969678801,At Risk
14656,5.135798437050262,4.394449154672439,5.676925020486318,Regular
13884,2.0794415416798357,4.0943445622221,6.670259221443527,Regular
12866,5.648974238161206,3.295836866004329,6.3281510464875765,At Risk
14676,3.4657359027997265,3.6635616461296463,7.7370579063231295,Regular
13166,5.648974238161206,3.7376696182833684,6.035959786994534,At Risk
16389,3.9889840465642745,3.5263605246161616,7.1895223925042595,Regular
14292,2.1972245773362196,4.61512051684126,8.491450677872692,High Value
15416,4.189654742026425,5.262690188904886,8.290372889129587,High Value
15733,5.648974238161206,2.3978952727983707,5.095588999976419,At Risk
16678,1.3862943611198906,5.099866427824199,8.042696282491956,High Value
12834,5.648974238161206,2.9444389791664403,5.7474165116762626,At Risk
13722,4.890349128221754,4.442651256490317,7.747566613711073,Regular
14934,4.418840607796598,4.477336814478207,7.5453580366354,Regular
15067,4.3694478524670215,4.418840607796598,7.464945269906789,Regular
16128,2.9444389791664403,4.499809670330265,7.53967578152618,High Value
17770,5.298317366548036,3.6635616461296463,7.042522158078838,Regular
15622,3.784189633918261,5.225746673713202,8.2189380876069,High Value
14473,4.31748811353631,2.0794415416798357,5.461031277035783,At Risk
15104,5.288267030694535,4.219507705176107,6.902280318701867,Regular
15643,5.262690188904886,3.5263605246161616,6.499787040655854,Regular
16792,5.645446897643238,2.5649493574615367,4.7129477781615225,At Risk
15031,1.6094379124341003,4.709530201312334,6.483397829142147,High Value
15636,4.51085950651685,3.258096538021482,6.587219381659278,Regular
12873,5.645446897643238,1.6094379124341003,5.926926025970411,At Risk
17923,5.645446897643238,0.6931471805599453,5.339939041238856,At Risk
16217,5.4638318050256105,2.772588722239781,5.721131112990814,At Risk
17738,2.995732273553991,4.584967478670572,7.539053651215015,High Value
17426,2.1972245773362196,5.605802066295998,8.524816063361785,High Value
16957,5.480638923341991,2.833213344056216,6.03461981742191,At Risk
16571,3.332204510175204,4.477336814478207,7.260304724743686,Regular
14483,5.645446897643238,2.302585092994046,4.9279780604152466,At Risk
15087,5.645446897643238,2.70805020110221,5.51124895278583,At Risk
16709,4.454347296253507,4.382026634673881,8.016604986002726,Regular
17856,1.0986122886681098,2.6390573296152584,6.5218427669149435,Regular
15053,1.791759469228055,4.248495242049359,6.5438399005307675,Regular
18218,5.356586274672012,3.044522437723423,6.46602029970094,At Risk
16159,5.645446897643238,2.70805020110221,5.855644823965447,At Risk
17995,5.645446897643238,0.6931471805599453,3.202746442938317,At Risk
17374,5.393627546352362,3.367295829986474,6.208127142322502,At Risk
17789,5.641907070938114,2.70805020110221,5.424509391785796,At Risk
17416,3.4339872044851463,5.598421958998375,8.838467667762448,High Value
17652,3.258096538021482,5.560681631015528,8.490586347854247,High Value
13476,5.19295685089021,4.07753744390572,7.122439147874555,Regular
12817,5.641907070938114,1.6094379124341003,5.118233304694274,At Risk
17700,2.8903717578961645,4.962844630259907,7.838201349644471,High Value
15393,2.833213344056216,2.5649493574615367,5.45043741460887,At Risk
13014,2.4849066497880004,4.700480365792417,8.151125703889235,High Value
17508,5.641907070938114,3.1354942159291497,5.961803989689555,At Risk
13931,4.574710978503383,4.07753744390572,7.121680471486267,Regular
12541,3.4339872044851463,3.970291913552122,6.889774590946187,Regular
13382,5.641907070938114,2.772588722239781,5.411601408001375,At Risk
15220,3.970291913552122,4.770684624465665,7.484346171123521,Regular
14570,5.641907070938114,3.4011973816621555,5.3893456648956,At Risk
14447,2.995732273553991,4.2626798770413155,7.059815203273879,Regular
13557,3.367295829986474,3.5553480614894135,6.371714406075083,Regular
16449,5.293304824724492,3.713572066704308,6.563418195373777,Regular
12755,5.641907070938114,1.3862943611198906,2.920469789053444,At Risk
12547,5.293304824724492,2.1972245773362196,5.341376856008484,At Risk
17325,5.638354669333745,1.9459101490553132,4.582924577040772,At Risk
14995,3.6888794541139363,4.110873864173311,5.450952612971631,Regular
16414,3.1354942159291497,2.0794415416798357,4.846153655430632,At Risk
15681,3.258096538021482,3.9889840465642745,7.263441734527154,Regular
14670,5.638354669333745,4.820281565605037,5.97599551620405,Regular
15675,4.406719247264253,3.091042453358316,5.782870880975165,At Risk
12584,1.6094379124341003,4.574710978503383,7.757542894498013,High Value
17535,5.638354669333745,2.6390573296152584,5.108366782589591,At Risk
15400,4.532599493153256,2.5649493574615367,6.575354741730978,At Risk
14903,3.091042453358316,5.860786223465865,7.936063122140283,High Value
14499,3.295836866004329,5.25227342804663,6.696342650543626,Regular
18211,3.295836866004329,3.7612001156935624,6.3987114002985646,Regular
14504,3.871201010907891,4.68213122712422,6.513615793203887,Regular
15572,1.791759469228055,5.3612921657094255,7.837720093003111,High Value
17107,3.5263605246161616,6.023447592961033,9.253070305223236,High Value
14247,5.631211781821365,3.044522437723423,4.925585628056507,At Risk
15554,5.631211781821365,2.70805020110221,5.38541207339897,At Risk
14915,4.5217885770490405,2.5649493574615367,5.731657011422181,At Risk
18280,5.631211781821365,2.3978952727983707,5.201806466167193,At Risk
16136,4.110873864173311,3.6375861597263857,6.5658000381285,Regular
12614,5.631211781821365,3.044522437723423,5.757639147446912,At Risk
13344,4.23410650459726,4.762173934797756,7.829109171398687,Regular
16621,3.970291913552122,3.4011973816621555,6.70254987279894,Regular
16225,3.828641396489095,4.90527477843843,7.000626122386744,Regular
14214,3.4657359027997265,4.219507705176107,6.913120858480547,Regular
14012,5.631211781821365,2.4849066497880004,5.7984864101254985,At Risk
16356,5.293304824724492,3.4657359027997265,5.360211770085627,At Risk
17654,5.627621113690637,3.1354942159291497,4.775334812511415,At Risk
15026,4.394449154672439,4.127134385045092,6.152732694704104,Regular
16517,5.627621113690637,2.8903717578961645,5.098035484377089,At Risk
14817,5.303304908059076,4.1588830833596715,7.0133217734248765,Regular
17092,3.9318256327243257,4.8283137373023015,7.48157260317514,Regular
16242,2.1972245773362196,5.680172609017068,8.183358274009397,High Value
15869,5.627621113690637,2.772588722239781,5.014892884348897,At Risk
17817,1.6094379124341003,3.5263605246161616,5.9627563829712384,Regular
15834,4.2626798770413155,5.598421958998375,7.708028915009937,High Value
15234,5.627621113690637,2.70805020110221,5.288267030694535,At Risk
15764,4.48863636973214,5.198497031265826,8.095894389365505,Regular
15806,3.8501476017100584,3.4657359027997265,6.666422298467717,Regular
15819,3.912023005428146,4.820281565605037,7.552998152884997,Regular
14586,5.627621113690637,2.995732273553991,5.473782135878778,At Risk
15944,5.627621113690637,1.9459101490553132,5.787204082795274,At Risk
13340,3.828641396489095,4.859812404361672,9.16149040601866,High Value
16917,5.627621113690637,2.302585092994046,5.972587491338293,At Risk
14407,4.68213122712422,4.290459441148391,7.644502990352722,Regular
13908,4.394449154672439,4.812184355372417,7.770877274716226,Regular
12758,4.770684624465665,4.584967478670572,7.934724759609325,Regular
13975,3.4657359027997265,5.799092654460526,7.808826783715541,High Value
14730,0.6931471805599453,6.137727054086234,7.548856250206247,High Value
12623,5.6240175061873385,2.9444389791664403,5.723911845951367,At Risk
14367,2.1972245773362196,6.257667587882639,9.13008647533716,High Value
13373,4.127134385045092,5.0689042022202315,8.105684859760789,High Value
16712,2.302585092994046,6.0844994130751715,8.192102735881804,High Value
17639,5.6240175061873385,2.0794415416798357,4.695924549256556,At Risk
16426,1.0986122886681098,5.869296913133774,7.530887637470042,High Value
16495,1.3862943611198906,4.48863636973214,6.475833252811612,High Value
14336,2.8903717578961645,4.51085950651685,7.387653544460817,High Value
14507,3.2188758248682006,4.564348191467836,7.221748166223715,Regular
12759,3.970291913552122,4.564348191467836,7.334616515331031,Regular
17049,1.3862943611198906,5.762051382780177,8.64047751166418,High Value
15206,2.3978952727983707,2.302585092994046,6.043345168984971,Regular
14013,4.709530201312334,3.5553480614894135,6.161249514897758,Regular
14645,5.062595033026967,3.4339872044851463,6.393741244298632,Regular
15071,4.553876891600541,3.295836866004329,6.890680328191671,Regular
14112,3.1780538303479458,5.081404364984463,7.978019532134758,High Value
13026,0.6931471805599453,3.6888794541139363,6.705639094860003,High Value
17864,2.6390573296152584,4.51085950651685,6.320498473679624,Regular
12881,5.6240175061873385,2.0794415416798357,5.700443573390687,At Risk
14936,3.5553480614894135,5.8998973535824915,9.004302186164907,High Value
17138,5.6240175061873385,3.2188758248682006,5.9441108507245115,At Risk
16572,4.852030263919617,4.060443010546419,6.918299492857808,Regular
14165,5.6240175061873385,3.2188758248682006,4.79942031364732,At Risk
15367,4.060443010546419,4.564348191467836,7.538276774433291,Regular
14291,1.0986122886681098,5.472270673671475,8.264685193972111,High Value
15632,2.833213344056216,5.123963979403259,8.097520633770152,High Value
14297,2.9444389791664403,4.143134726391533,7.174976957856922,Regular
13899,2.833213344056216,2.995732273553991,5.9649152118744455,Regular
16471,5.62040086571715,2.6390573296152584,5.4158781552871815,At Risk
18183,5.429345628954441,3.6375861597263857,6.450581000548326,Regular
18173,4.477336814478207,3.4011973816621555,7.550619181232315,Regular
14854,4.3694478524670215,4.844187086458591,7.916089041153508,Regular
16625,5.62040086571715,3.1780538303479458,5.811380485254219,At Risk
14064,3.4011973816621555,4.343805421853684,6.931764731442489,Regular
15308,5.616771097666572,2.995732273553991,5.741303025403381,At Risk
18086,5.616771097666572,2.0794415416798357,4.628300603376946,At Risk
14350,5.616771097666572,2.9444389791664403,5.6487277289070565,At Risk
14930,4.700480365792417,4.852030263919617,7.768093457909063,Regular
16080,4.418840607796598,2.3978952727983707,5.385228738537333,At Risk
14727,5.616771097666572,2.3978952727983707,5.596865192310124,At Risk
16778,4.31748811353631,2.833213344056216,5.509145392139597,At Risk
14077,3.7376696182833684,3.7612001156935624,6.2154477458196355,Regular
16808,4.605170185988092,3.1780538303479458,5.667878920309847,At Risk
16475,4.48863636973214,3.367295829986474,6.301336101932016,Regular
13265,3.9889840465642745,4.499809670330265,7.5292238418081885,Regular
12520,4.382026634673881,5.030437921392435,7.876737127834484,Regular
15049,5.616771097666572,1.3862943611198906,4.8054135174159684,At Risk
18149,3.9512437185814275,2.833213344056216,6.4184954331307065,Regular
13654,3.784189633918261,5.117993812416755,7.90408748775984,High Value
16652,4.0943445622221,4.736198448394496,8.74184760080936,High Value
16766,5.6131281063880705,3.5553480614894135,7.044556320474283,Regular
16801,5.099866427824199,4.330733340286331,7.374773205449993,Regular
17164,3.5263605246161616,4.976733742420574,7.811305190205457,High Value
13226,5.6131281063880705,2.833213344056216,4.693272634209637,At Risk
13043,5.6131281063880705,2.6390573296152584,6.248854923817375,At Risk
14352,5.062595033026967,3.871201010907891,6.984679282395341,Regular
17351,3.6109179126442243,3.332204510175204,6.37698201740645,Regular
16768,3.8918202981106265,4.007333185232471,6.17188847120203,Regular
16693,4.248495242049359,4.0943445622221,6.171408279115973,Regular
13956,1.791759469228055,4.997212273764115,6.927822577132249,High Value
13708,5.605802066295998,3.912023005428146,5.657144991804844,At Risk
15918,5.2574953720277815,3.713572066704308,5.814816863409831,At Risk
15671,2.995732273553991,4.356708826689592,7.8695431398846445,High Value
14962,5.605802066295998,1.791759469228055,4.8496837630384935,At Risk
16807,4.969813299576001,4.219507705176107,7.02339379457603,Regular
15125,3.258096538021482,4.8283137373023015,9.295567157529344,High Value
16871,3.1354942159291497,4.927253685157205,7.942127668587332,High Value
12901,2.3978952727983707,4.499809670330265,8.180298465559014,High Value
13452,5.560681631015528,1.0986122886681098,6.3818160174060985,At Risk
15493,3.5263605246161616,5.66988092298052,7.577843636590285,High Value
16005,2.5649493574615367,5.308267697401205,6.3625279784987825,High Value
15388,5.602118820879701,2.3978952727983707,4.952582362647639,At Risk
16804,3.1780538303479458,4.110873864173311,6.287839972628443,Regular
13499,2.9444389791664403,3.713572066704308,6.955354257781416,Regular
15047,5.602118820879701,3.1354942159291497,5.842442360714953,At Risk
14193,4.23410650459726,3.7612001156935624,6.750387764017586,Regular
17542,5.602118820879701,3.258096538021482,5.146039931102459,At Risk
15181,4.204692619390966,2.833213344056216,6.537387007911402,Regular
17080,3.1354942159291497,2.1972245773362196,5.665110944007932,At Risk
16392,5.602118820879701,3.784189633918261,5.388569320525063,At Risk
15106,2.9444389791664403,4.61512051684126,7.2608879564964575,Regular
16214,5.147494476813453,3.8066624897703196,6.969555679887584,Regular
13716,5.598421958998375,3.091042453358316,4.936486295459933,At Risk
15150,2.8903717578961645,5.834810737062605,8.574013881567295,High Value
14226,3.4011973816621555,4.174387269895637,7.544432632101506,Regular
13121,5.598421958998375,3.9318256327243257,5.6515413628105104,At Risk
16297,5.598421958998375,3.044522437723423,5.713402718033191,At Risk
12994,1.6094379124341003,4.127134385045092,6.882868147474188,High Value
16152,5.598421958998375,3.4011973816621555,7.512093103520083,Regular
14636,3.6109179126442243,3.367295829986474,6.414851429850069,Regular
16040,4.189654742026425,4.189654742026425,7.181249680723068,Regular
15793,2.772588722239781,2.5649493574615367,6.873795104898541,Regular
13358,5.598421958998375,3.4011973816621555,6.086842906406214,At Risk
12849,3.4657359027997265,3.8918202981106265,6.918982022596603,Regular
15182,5.043425116919247,3.4011973816621555,6.43590995485703,Regular
13299,5.594711379601839,1.791759469228055,4.966335035199676,At Risk
16383,4.330733340286331,4.59511985013459,6.46887815452873,Regular
15381,5.3706380281276624,2.1972245773362196,6.393339886365589,At Risk
12597,2.995732273553991,5.332718793265369,8.245966975595675,High Value
15030,4.290459441148391,2.0794415416798357,6.252443236725213,At Risk
12435,4.394449154672439,3.5263605246161616,8.870866635357226,Regular
12955,0.6931471805599453,5.198497031265826,8.46761631787212,High Value
18189,4.3694478524670215,4.23410650459726,6.995069943308846,Regular
13946,4.382026634673881,2.3978952727983707,6.208690624658154,At Risk
17716,3.1780538303479458,5.5053315359323625,8.640647227620185,High Value
13185,5.594711379601839,0.6931471805599453,4.282206299391671,At Risk
14840,5.594711379601839,1.6094379124341003,4.156536582478548,At Risk
13216,5.594711379601839,1.791759469228055,5.813354111085492,At Risk
13650,2.8903717578961645,4.574710978503383,7.516074152465826,High Value
13533,5.214935757608986,4.330733340286331,5.598755236788495,Regular
13268,2.9444389791664403,6.073044534100405,8.06329910390357,High Value
15433,5.3706380281276624,3.7376696182833684,6.2809574789637255,Regular
12937,2.772588722239781,4.795790545596741,7.316727563085719,High Value
16216,5.5909869805108565,3.6375861597263857,6.819939942540059,Regular
16377,5.5909869805108565,1.3862943611198906,4.674696248636701,At Risk
16976,5.5909869805108565,1.0986122886681098,5.5314904534994245,At Risk
12514,5.5909869805108565,3.9512437185814275,6.926262950537876,Regular
18210,1.0986122886681098,4.90527477843843,7.871837581358896,High Value
13631,4.61512051684126,2.4849066497880004,8.029895274358873,Regular
14422,0.6931471805599453,5.407171771460119,8.358113048391361,High Value
15648,5.3230099791384085,3.2188758248682006,6.4622491213367885,At Risk
17725,2.833213344056216,5.262690188904886,8.143250005910986,High Value
15861,2.5649493574615367,6.293419278846481,8.054497196253768,High Value
13072,5.5909869805108565,2.0794415416798357,5.182625892051845,At Risk
15695,5.5909869805108565,3.1354942159291497,6.018544551511725,At Risk
14110,1.6094379124341003,5.049856007249537,8.645436878735076,High Value
14059,5.5909869805108565,2.1972245773362196,5.218191322068752,At Risk
16672,1.0986122886681098,4.74493212836325,9.004046563069934,High Value
16511,3.1354942159291497,5.075173815233827,6.8236451438627554,Regular
16256,5.5909869805108565,2.6390573296152584,6.624636113950167,At Risk
13591,4.189654742026425,4.07753744390572,7.019412926024925,Regular
14066,5.5909869805108565,2.0794415416798357,5.034026246886832,At Risk
15483,5.087596335232384,4.442651256490317,5.421684780498321,Regular
16626,0.6931471805599453,5.1647859739235145,8.278656775494547,High Value
15019,5.5909869805108565,4.204692619390966,5.536585955607315,At Risk
18270,3.6635616461296463,2.4849066497880004,5.649502267743131,At Risk
14315,3.828641396489095,4.624972813284271,7.816872341508149,Regular
17921,4.174387269895637,4.962844630259907,6.710803216382034,Regular
14041,5.58724865840025,3.091042453358316,4.958710221231336,At Risk
17060,5.58724865840025,1.6094379124341003,4.414009680526933,At Risk
16023,3.8501476017100584,4.624972813284271,6.58037557967181,Regular
17133,2.833213344056216,3.091042453358316,7.830918342198698,Regular
12878,5.4680601411351315,3.871201010907891,6.752258693830513,Regular
14155,5.58724865840025,1.9459101490553132,4.785406236291025,At Risk
17043,3.4965075614664802,4.634728988229636,7.459442576481153,Regular
13046,3.4657359027997265,3.58351893845611,6.446211761854101,Regular
14633,5.58724865840025,3.044522437723423,5.846149715943123,At Risk
12948,2.833213344056216,4.762173934797756,7.63334544803145,High Value
15703,5.583496308781699,1.791759469228055,5.358941988364472,At Risk
14071,1.6094379124341003,5.780743515792329,7.271404843608142,High Value
17134,4.68213122712422,3.1780538303479458,6.026348948961484,At Risk
17795,5.198497031265826,3.828641396489095,5.840147349176718,At Risk
12902,5.583496308781699,2.3978952727983707,4.939354092091292,At Risk
16444,3.8501476017100584,4.442651256490317,6.485657613592114,Regular
14232,3.784189633918261,4.7535901911063645,7.625141310661702,Regular
14693,5.583496308781699,2.1972245773362196,5.158480421360237,At Risk
12407,3.9318256327243257,4.343805421853684,7.391464555283984,Regular
16728,3.8501476017100584,5.575949103146316,6.955859493656283,Regular
16096,5.579729825986222,2.5649493574615367,5.773370724425878,At Risk
13985,1.6094379124341003,5.857933154483459,8.862360374336811,High Value
13592,3.6109179126442243,2.833213344056216,5.5172922409900265,At Risk
15140,3.970291913552122,4.382026634673881,7.730196763370474,Regular
12843,4.204692619390966,4.6443908991413725,7.440299340765267,Regular
14408,2.4849066497880004,4.672828834461906,7.8632782624045445,High Value
15408,5.579729825986222,3.5553480614894135,5.591658396851496,At Risk
15445,5.579729825986222,1.791759469228055,4.740574822994295,At Risk
14205,2.8903717578961645,3.2188758248682006,6.147827064731841,Regular
15452,3.4339872044851463,4.04305126783455,6.27189539284557,Regular
14223,4.532599493153256,4.110873864173311,6.89985414708588,Regular
16619,5.579729825986222,2.70805020110221,5.425874699962912,At Risk
14762,5.579729825986222,3.091042453358316,5.70883634895888,At Risk
13934,5.579729825986222,3.4657359027997265,6.8277375709961055,Regular
15669,3.713572066704308,3.5263605246161616,6.529915065486092,Regular
16384,4.51085950651685,3.5263605246161616,6.372466183037772,Regular
18224,5.579729825986222,2.3978952727983707,5.074861266395527,At Risk
14245,5.3981627015177525,4.6913478822291435,7.435113483382488,Regular
17678,5.579729825986222,2.833213344056216,5.700811398711247,At Risk
15855,4.927253685157205,4.394449154672439,6.569817969665846,Regular
17204,5.170483995038151,4.060443010546419,7.355998866445309,Regular
16036,4.477336814478207,4.007333185232471,6.592606081871903,Regular
17763,5.575949103146316,0.6931471805599453,2.772588722239781,At Risk
13262,5.575949103146316,2.4849066497880004,5.3047466543129405,At Risk
17152,5.278114659230517,2.70805020110221,7.43277962214794,Regular
14632,5.575949103146316,2.1972245773362196,4.749789875598035,At Risk
13900,5.214935757608986,3.784189633918261,6.609281855452135,Regular
14875,4.6913478822291435,3.871201010907891,7.290511139663592,Regular
15132,2.9444389791664403,3.970291913552122,6.886460138441978,Regular
17272,3.7612001156935624,4.74493212836325,7.673051013288749,Regular
16135,5.575949103146316,3.091042453358316,6.251036455035743,At Risk
12831,5.572154032177765,2.302585092994046,5.3755098623779425,At Risk
15437,5.572154032177765,3.828641396489095,5.304100611303764,At Risk
14711,2.3978952727983707,5.846438775057725,7.951777617188277,High Value
14377,5.2574953720277815,2.4849066497880004,6.426569360333832,At Risk
16374,4.204692619390966,4.700480365792417,6.14789120635657,Regular
13196,2.4849066497880004,4.709530201312334,7.494863936311281,High Value
16809,3.1780538303479458,5.0106352940962555,6.81967787944687,Regular
15457,5.572154032177765,4.07753744390572,5.472564748074418,At Risk
12613,4.060443010546419,5.0369526024136295,8.115335568501695,High Value
16721,5.572154032177765,3.6375861597263857,5.681775419393111,At Risk
12399,4.787491742782046,4.0943445622221,7.011799929268738,Regular
17733,3.6888794541139363,3.58351893845611,6.541304131886272,Regular
17102,5.572154032177765,0.6931471805599453,3.2771447329921766,At Risk
15410,4.442651256490317,4.812184355372417,8.146662701187065,Regular
13239,5.572154032177765,3.091042453358316,5.800788185931274,At Risk
15449,3.295836866004329,4.110873864173311,6.882970662159506,Regular
14870,5.572154032177765,2.6390573296152584,5.793775513182905,At Risk
13821,4.983606621708336,4.0943445622221,5.957494027536828,Regular
17096,2.772588722239781,3.8918202981106265,6.930621835101851,Regular
12818,5.572154032177765,2.3978952727983707,6.617670321914046,At Risk
12604,4.382026634673881,2.833213344056216,5.541969178493598,At Risk
18191,5.572154032177765,2.0794415416798357,5.341376856008484,At Risk
14461,5.003946305945459,5.198497031265826,7.651624090561262,Regular
13132,5.572154032177765,1.3862943611198906,4.360547602996758,At Risk
16859,4.983606621708336,3.970291913552122,6.618485279775063,Regular
15245,4.90527477843843,4.499809670330265,7.83075942537543,Regular
17411,2.5649493574615367,3.7376696182833684,6.659216993647982,Regular
17486,5.568344503761097,3.2188758248682006,5.986125318762377,At Risk
12564,5.568344503761097,3.091042453358316,6.12665081966305,At Risk
14607,2.833213344056216,4.204692619390966,9.148203231880458,High Value
13249,4.532599493153256,3.091042453358316,6.009132544761389,At Risk
15644,5.117993812416755,5.4510384535657,6.6902706855196055,Regular
14075,1.791759469228055,3.784189633918261,6.849341960431477,Regular
17250,1.6094379124341003,4.04305126783455,5.947956657131048,Regular
17966,5.0238805208462765,4.127134385045092,6.389283833607257,Regular
14129,1.0986122886681098,3.970291913552122,7.025413862450224,High Value
15651,3.6375861597263857,3.4965075614664802,6.472809865551464,Regular
13035,4.31748811353631,3.332204510175204,6.827499215216475,Regular
17644,0.6931471805599453,5.062595033026967,7.971306723565063,High Value
13341,5.568344503761097,3.7612001156935624,6.65524728153801,Regular
13512,5.568344503761097,2.772588722239781,5.530262073815315,At Risk
16620,1.6094379124341003,2.302585092994046,5.192734603972972,Regular
17698,5.568344503761097,2.1972245773362196,5.049535443053812,At Risk
14267,5.099866427824199,4.02535169073515,7.3246481738226015,Regular
13736,1.791759469228055,5.25227342804663,6.594139824503851,High Value
12434,4.454347296253507,3.9318256327243257,6.6934971352559,Regular
16022,5.564520407322694,4.276666119016055,6.402961427447865,Regular
14235,4.330733340286331,4.382026634673881,8.053842581674434,Regular
16769,5.564520407322694,3.6635616461296463,5.893134813034773,At Risk
17754,0.6931471805599453,4.499809670330265,7.417970716622433,High Value
12408,3.5263605246161616,4.663439094112067,7.968856059639959,High Value
16063,5.564520407322694,3.1780538303479458,5.818063087688587,At Risk
15178,5.564520407322694,1.3862943611198906,3.7256934272366524,At Risk
14348,5.564520407322694,2.9444389791664403,6.017546438106483,At Risk
15815,4.174387269895637,3.871201010907891,7.463661337228576,Regular
13695,3.4657359027997265,4.51085950651685,7.826095908379989,Regular
17979,3.6109179126442243,4.9344739331306915,6.597704890668348,Regular
13139,2.833213344056216,5.14166355650266,8.530294986827844,High Value
12545,4.330733340286331,3.9318256327243257,6.9091443138264115,Regular
14758,4.983606621708336,4.276666119016055,7.303210454460983,Regular
14536,5.564520407322694,2.9444389791664403,5.147203736878275,At Risk
13662,4.465908118654584,3.970291913552122,6.782486797146853,Regular
17946,5.455321115357702,3.044522437723423,5.014494504421976,At Risk
13743,1.3862943611198906,3.6635616461296463,7.092906162786251,High Value
18078,5.384495062789089,3.4011973816621555,5.820468612643942,At Risk
16780,4.61512051684126,4.0943445622221,6.047939394035961,Regular
18273,1.0986122886681098,1.3862943611198906,5.3230099791384085,At Risk
15045,5.030437921392435,2.5649493574615367,6.602126456028984,At Risk
17625,2.9444389791664403,5.726847747587197,7.611545619640562,High Value
13357,5.552959584921617,4.499809670330265,6.414114479970247,Regular
16777,4.394449154672439,3.8918202981106265,5.409948182719222,At Risk
14476,5.552959584921617,2.8903717578961645,5.267858159063328,At Risk
13481,3.8501476017100584,4.700480365792417,7.498626071957096,Regular
16245,3.2188758248682006,4.51085950651685,7.254644498519316,Regular
13266,2.4849066497880004,5.214935757608986,8.186436589390908,High Value
12669,5.0238805208462765,4.624972813284271,7.917547282845659,Regular
12792,5.552959584921617,3.258096538021482,5.995307154825432,At Risk
17765,5.075173815233827,4.04305126783455,5.909793430963424,Regular
15083,5.552959584921617,1.791759469228055,4.490881039585964,At Risk
18010,5.552959584921617,2.70805020110221,5.169346985251076,At Risk
15249,3.4965075614664802,5.860786223465865,8.808288432375653,High Value
13760,4.007333185232471,4.060443010546419,5.662231047497966,Regular
15624,4.770684624465665,3.5553480614894135,6.3786468723710446,Regular
17749,5.187385805840755,3.58351893845611,6.515482764659955,Regular
15068,3.8501476017100584,4.653960350157523,6.317814295200602,Regular
14538,4.189654742026425,2.995732273553991,5.964221810714108,At Risk
14851,3.1780538303479458,3.367295829986474,6.239007985245727,Regular
14021,5.049856007249537,3.1354942159291497,6.45031243178126,At Risk
13037,4.9344739331306915,3.8918202981106265,6.782271417936915,Regular
18177,3.4657359027997265,4.30406509320417,7.20181944249662,Regular
14128,4.127134385045092,3.8501476017100584,6.459121675472594,Regular
17874,5.225746673713202,3.8501476017100584,6.528630206205813,Regular
17719,3.6635616461296463,5.616771097666572,8.593605934116098,High Value
14441,0.6931471805599453,3.9512437185814275,7.446520919735376,High Value
17931,4.90527477843843,4.189654742026425,6.014594964496837,Regular
13803,5.545177444479562,2.8903717578961645,5.627872880555851,At Risk
17398,4.7535901911063645,3.6635616461296463,6.483688222474311,Regular
15906,3.044522437723423,5.017279836814924,7.357996155136706,High Value
16253,4.219507705176107,4.820281565605037,8.21198781204284,Regular
13439,5.545177444479562,4.007333185232471,5.651471118359793,At Risk
12888,5.3706380281276624,1.791759469228055,5.87245576052578,At Risk
13588,2.833213344056216,5.1647859739235145,7.815993677665464,High Value
12456,3.8066624897703196,4.836281906951478,8.065277779528966,High Value
15521,3.713572066704308,5.225746673713202,8.006767487671574,High Value
13720,4.770684624465665,3.7612001156935624,6.581609540078228,Regular
15674,4.30406509320417,4.74493212836325,7.802863231588385,Regular
17616,5.1647859739235145,1.0986122886681098,5.504518197131935,At Risk
17594,4.454347296253507,3.9318256327243257,6.901918276781504,Regular
17775,5.545177444479562,1.3862943611198906,4.050044303325521,At Risk
13988,3.044522437723423,5.459585514144159,8.330612979409075,High Value
16657,2.3978952727983707,5.262690188904886,6.774715194217569,High Value
15424,5.541263545158426,2.833213344056216,5.780311323645325,At Risk
13316,3.6375861597263857,4.382026634673881,8.3608691515521,High Value
16788,4.820281565605037,5.003946305945459,6.3892166530089884,Regular
16584,4.394449154672439,3.332204510175204,6.723928590044878,Regular
15364,4.574710978503383,3.4011973816621555,6.818038427312331,Regular
18108,5.541263545158426,2.8903717578961645,5.605802066295998,At Risk
14272,4.31748811353631,3.5263605246161616,6.0844082927507195,Regular
15980,4.499809670330265,3.7612001156935624,7.7390021515791,Regular
15832,5.541263545158426,4.007333185232471,6.7307674724187825,Regular
16092,4.7535901911063645,3.9512437185814275,6.707913129070193,Regular
15528,5.541263545158426,3.295836866004329,5.4395130632148145,At Risk
16398,5.043425116919247,4.418840607796598,7.4423755513138445,Regular
17088,3.367295829986474,4.7535901911063645,7.596899458212264,High Value
17438,5.541263545158426,2.8903717578961645,5.9647354873659575,At Risk
13060,5.541263545158426,2.772588722239781,5.731819083350057,At Risk
14790,2.8903717578961645,3.8501476017100584,6.61480602592395,Regular
14890,5.541263545158426,2.0794415416798357,4.841427376447684,At Risk
16386,3.4011973816621555,4.406719247264253,5.715612226409778,Regular
14818,4.31748811353631,3.8918202981106265,6.490419998303485,Regular
13571,2.6390573296152584,5.831882477283517,7.644890636412799,High Value
12909,3.713572066704308,4.5217885770490405,7.686928768177821,Regular
12619,2.833213344056216,4.394449154672439,7.8891443752523776,High Value
16698,5.537334267018537,1.0986122886681098,6.236369590203704,At Risk
16681,4.30406509320417,3.8066624897703196,7.479491601287773,Regular
13573,3.9318256327243257,3.2188758248682006,5.591770255760243,At Risk
13883,2.4849066497880004,4.962844630259907,7.891884082485146,High Value
14957,5.537334267018537,2.5649493574615367,4.085808231199814,At Risk
13918,3.9318256327243257,3.332204510175204,6.721232911123573,Regular
17212,5.537334267018537,1.6094379124341003,5.428687517709892,At Risk
17781,5.075173815233827,2.5649493574615367,5.24185282956691,At Risk
14886,5.537334267018537,2.9444389791664403,5.9020867359567655,At Risk
13626,5.537334267018537,2.995732273553991,5.5538506606638975,At Risk
16609,2.772588722239781,5.6240175061873385,8.611495590853199,High Value
16180,4.61512051684126,5.093750200806762,9.235538222765896,High Value
13462,5.537334267018537,2.302585092994046,5.0271645960474665,At Risk
18263,3.295836866004329,4.127134385045092,7.10180775865179,Regular
16960,3.6888794541139363,4.624972813284271,6.2305798679318904,Regular
13841,5.537334267018537,0.6931471805599453,4.454347296253507,At Risk
17701,5.537334267018537,3.2188758248682006,6.037751581059295,At Risk
12949,3.4657359027997265,5.375278407684165,8.335244365149629,High Value
14852,4.07753744390572,4.969813299576001,7.950745619900337,Regular
12569,1.0986122886681098,5.241747015059643,8.324988557507531,High Value
13169,4.174387269895637,2.6390573296152584,6.570714880987815,At Risk
16162,5.53338948872752,1.0986122886681098,3.648057459593681,At Risk
15691,5.53338948872752,1.0986122886681098,4.925803358579558,At Risk
14195,5.313205979041787,1.791759469228055,5.93012091686693,At Risk
13781,5.529429087511423,2.8903717578961645,4.858571324462998,At Risk
17758,2.995732273553991,6.003887067106539,8.134232938648143,High Value
14023,2.0794415416798357,3.4657359027997265,6.371731498193053,Regular
17669,3.784189633918261,4.23410650459726,8.133798724949507,Regular
16142,5.5254529391317835,3.6375861597263857,6.284768288327816,At Risk
17648,4.127134385045092,4.5217885770490405,7.494708263135679,Regular
13059,5.5254529391317835,2.1972245773362196,5.2171073111224935,At Risk
16224,4.060443010546419,4.574710978503383,7.167269331605997,Regular
15223,5.424950017481403,3.044522437723423,6.629032947901828,At Risk
17886,3.4965075614664802,4.634728988229636,6.768814998950002,Regular
13294,5.25227342804663,4.007333185232471,6.773926699344786,Regular
15289,3.4011973816621555,4.07753744390572,6.846709318414996,Regular
18185,5.521460917862246,2.8903717578961645,5.721131112990814,At Risk
17956,5.521460917862246,0.6931471805599453,2.6210388241125804,At Risk
15756,4.127134385045092,5.2574953720277815,6.271007335271311,Regular
14747,5.521460917862246,2.9444389791664403,5.796665468802915,At Risk
14719,1.0986122886681098,5.4638318050256105,7.366975980862403,High Value
13015,3.9889840465642745,5.170483995038151,8.113917684381065,High Value
16586,5.521460917862246,2.1972245773362196,6.141929872924206,At Risk
16105,5.521460917862246,2.6390573296152584,5.822927545284644,At Risk
15442,5.521460917862246,1.0986122886681098,6.38856140554563,At Risk
16906,4.418840607796598,4.465908118654584,6.328989800540907,Regular
14546,1.791759469228055,5.986452005284438,7.853577628262313,High Value
14535,4.110873864173311,5.796057750765372,7.957121299481198,High Value
16170,3.9512437185814275,4.836281906951478,7.542239973976665,Regular
15244,4.189654742026425,3.5553480614894135,6.449790886414747,Regular
16696,4.912654885736052,2.3978952727983707,6.490571777919774,At Risk
15145,1.6094379124341003,4.219507705176107,7.0865121565162825,High Value
17492,5.517452896464707,2.5649493574615367,5.92844487193968,At Risk
13525,2.772588722239781,1.6094379124341003,5.11066160816338,At Risk
17409,5.225746673713202,2.6390573296152584,6.6500849805983275,At Risk
17783,4.290459441148391,4.219507705176107,5.650627799851681,Regular
13863,5.517452896464707,3.044522437723423,5.726130878319963,At Risk
13515,4.30406509320417,4.0943445622221,6.793600652679757,Regular
15917,5.517452896464707,2.5649493574615367,4.821087692210561,At Risk
17440,5.062595033026967,1.791759469228055,5.233352087695677,At Risk
17045,4.736198448394496,3.1354942159291497,5.83023889860876,At Risk
17140,5.5134287461649825,2.8903717578961645,5.617207366124011,At Risk
15201,4.477336814478207,4.248495242049359,7.120880817152784,Regular
14964,5.5134287461649825,2.6390573296152584,5.333732771768991,At Risk
16031,4.532599493153256,4.59511985013459,6.3079162755558436,Regular
14403,4.875197323201151,3.044522437723423,7.297639635123279,Regular
17042,1.3862943611198906,4.584967478670572,6.944646357565886,High Value
13771,4.174387269895637,4.787491742782046,7.876809224383177,Regular
17906,5.5134287461649825,2.5649493574615367,4.302712827954156,At Risk
18272,1.3862943611198906,5.117993812416755,8.03254850303289,High Value
16144,5.5134287461649825,0.6931471805599453,5.171619713502079,At Risk
13731,5.393627546352362,3.6635616461296463,6.416062123365316,Regular
12580,5.5134287461649825,3.2188758248682006,6.032366538428407,At Risk
14912,2.8903717578961645,3.295836866004329,6.700349733019989,Regular
15530,3.1354942159291497,4.68213122712422,7.3120930852576205,Regular
13950,2.4849066497880004,3.58351893845611,6.61480602592395,Regular
13892,3.332204510175204,3.295836866004329,6.252154333496154,Regular
13752,4.8283137373023015,4.330733340286331,7.07019720551526,Regular
14446,0.6931471805599453,5.627621113690637,6.9190413509991044,High Value
16209,4.499809670330265,3.8066624897703196,6.807912844008216,Regular
15754,3.9512437185814275,3.367295829986474,6.130291269692714,Regular
13712,5.5134287461649825,2.3978952727983707,5.437383414671034,At Risk
15800,4.68213122712422,4.770684624465665,6.548061497220062,Regular
16469,3.2188758248682006,5.147494476813453,6.440021072647094,Regular
13005,5.1647859739235145,3.295836866004329,6.243584206658709,At Risk
14981,5.5093883366279774,2.1972245773362196,4.635893358630932,At Risk
17928,3.828641396489095,3.1780538303479458,5.363824168750156,At Risk
16261,2.8903717578961645,4.787491742782046,6.592414198536382,Regular
17883,1.3862943611198906,4.962844630259907,6.500298188193179,High Value
14619,5.5093883366279774,3.044522437723423,5.979999068998704,At Risk
13995,2.772588722239781,4.465908118654584,7.240427447338227,Regular
16643,5.5093883366279774,3.332204510175204,6.191359942102381,At Risk
14246,4.718498871295094,4.330733340286331,7.296453945912696,Regular
18040,2.995732273553991,2.995732273553991,5.881091489626612,Regular
16837,3.4657359027997265,5.111987788356544,8.062111277564622,High Value
15119,5.5093883366279774,2.70805020110221,5.588745664667843,At Risk
16325,3.871201010907891,2.9444389791664403,6.38896468556185,Regular
14924,5.5093883366279774,2.3978952727983707,5.739953670961029,At Risk
15109,5.5093883366279774,3.367295829986474,6.18610573794948,At Risk
16623,5.5093883366279774,1.791759469228055,4.870990011582737,At Risk
12999,5.2832037287379885,3.367295829986474,6.124420774356607,At Risk
12717,5.0238805208462765,4.02535169073515,6.939234566008755,Regular
13962,3.1354942159291497,2.4849066497880004,5.139028508864655,At Risk
18036,3.4965075614664802,4.553876891600541,6.001711863559532,Regular
14958,4.997212273764115,3.7376696182833684,6.183592034891002,Regular
14264,5.049856007249537,2.8903717578961645,5.814040975576219,At Risk
13562,4.418840607796598,4.418840607796598,7.495725260414088,Regular
15775,5.5053315359323625,2.0794415416798357,4.662495252607361,At Risk
17054,3.367295829986474,4.430816798843313,7.213274813763555,Regular
17940,5.5053315359323625,0.6931471805599453,7.533083898282899,At Risk
13548,4.574710978503383,4.820281565605037,6.520856740447811,Regular
13508,5.501258210544727,2.5649493574615367,4.718230978272105,At Risk
12447,5.497168225293202,3.295836866004329,6.168543217293113,At Risk
13570,5.497168225293202,3.332204510175204,5.482678508639762,At Risk
13232,2.6390573296152584,5.313205979041787,7.192445379947863,High Value
18129,5.497168225293202,2.70805020110221,4.732243268551567,At Risk
13632,3.258096538021482,4.983606621708336,7.659138348252998,High Value
15665,5.1298987149230735,4.7535901911063645,7.706707376439049,Regular
17550,5.288267030694535,3.7612001156935624,5.591583817293718,At Risk
15655,5.497168225293202,3.5553480614894135,6.330914488818843,At Risk
14286,3.2188758248682006,5.638354669333745,8.440258149942116,High Value
16188,3.828641396489095,4.219507705176107,6.890466688844595,Regular
15214,1.0986122886681098,4.709530201312334,7.416041681653177,High Value
17574,5.497168225293202,2.1972245773362196,5.229235205360593,At Risk
15737,2.772588722239781,4.276666119016055,7.080968816745364,Regular
14311,5.497168225293202,3.044522437723423,5.740628575776864,At Risk
14339,5.497168225293202,2.70805020110221,5.73824831153748,At Risk
12982,5.497168225293202,3.367295829986474,5.970087681348397,At Risk
12701,4.394449154672439,3.9889840465642745,6.682997926190526,Regular
12596,3.9512437185814275,3.332204510175204,6.428541364981557,Regular
14273,3.9512437185814275,3.4011973816621555,6.329667428156979,Regular
12363,4.709530201312334,3.1780538303479458,6.315358001522335,At Risk
13549,3.295836866004329,3.9512437185814275,6.823503726534546,Regular
15414,2.3978952727983707,3.6888794541139363,6.654023645899904,Regular
13203,2.3978952727983707,4.060443010546419,6.769021807549381,Regular
14628,4.5217885770490405,3.2188758248682006,6.511685892514335,Regular
14326,5.493061443340548,2.1972245773362196,5.219544685382641,At Risk
15935,5.480638923341991,2.5649493574615367,6.035146448194105,At Risk
13655,4.74493212836325,4.04305126783455,6.83944431779864,Regular
12910,3.1780538303479458,4.330733340286331,8.031398334442155,High Value
13577,3.258096538021482,4.430816798843313,7.431655062235399,Regular
15251,2.302585092994046,4.624972813284271,9.121857731390678,High Value
14111,2.70805020110221,2.302585092994046,6.42105300011335,Regular
17160,3.4657359027997265,5.438079308923196,8.165940662434437,High Value
16172,4.564348191467836,4.248495242049359,7.039844382006876,Regular
17972,5.493061443340548,3.4339872044851463,4.914050969580866,At Risk
12463,3.9889840465642745,4.430816798843313,7.204729049594601,Regular
17278,5.488937726156687,2.772588722239781,5.509550266836412,At Risk
14844,4.174387269895637,4.867534450455582,7.949024430867713,Regular
15212,5.488937726156687,1.791759469228055,4.632785353021065,At Risk
16729,3.6635616461296463,6.48768401848461,8.882715085430164,High Value
14998,5.14166355650266,4.31748811353631,6.030372711422963,Regular
13484,5.488937726156687,2.1972245773362196,5.751937516543248,At Risk
16697,5.488937726156687,3.091042453358316,4.7340030578310595,At Risk
14931,1.791759469228055,3.7376696182833684,7.137818831761513,High Value
18236,3.4339872044851463,3.912023005428146,6.783596964352348,Regular
13740,5.488937726156687,3.1780538303479458,5.862920695994498,At Risk
15230,5.480638923341991,3.1780538303479458,6.065179584930263,At Risk
15134,2.772588722239781,4.30406509320417,7.236332143304382,Regular
16309,4.672828834461906,3.7612001156935624,6.56183656455249,Regular
13544,3.713572066704308,4.3694478524670215,5.624234089229733,Regular
14262,2.1972245773362196,4.969813299576001,7.870635660430322,High Value
13134,4.465908118654584,4.59511985013459,7.4925262902571115,Regular
17589,4.110873864173311,5.537334267018537,7.785375866112405,High Value
16097,5.484796933490655,2.3978952727983707,5.226015454792631,At Risk
13122,4.553876891600541,4.02535169073515,6.828051680471256,Regular
16966,2.1972245773362196,3.295836866004329,7.58808567433121,Regular
17746,5.484796933490655,1.9459101490553132,4.711779921046349,At Risk
16175,4.553876891600541,4.07753744390572,6.945619303018016,Regular
14834,2.9444389791664403,4.219507705176107,7.4508350982774605,Regular
16348,3.4965075614664802,5.407171771460119,7.256050208475266,High Value
15147,5.484796933490655,3.367295829986474,6.436951329565632,At Risk
16131,3.970291913552122,4.3694478524670215,8.162670216045587,Regular
15813,5.342334251964811,3.713572066704308,7.173889351861322,Regular
17058,4.418840607796598,4.143134726391533,7.074023670453844,Regular
17704,5.135798437050262,3.4657359027997265,6.786931374567216,Regular
13772,3.5553480614894135,5.159055299214529,7.024319794766853,Regular
16933,0.6931471805599453,3.8066624897703196,6.335461969788099,High Value
16249,3.9889840465642745,4.248495242049359,7.496136211716589,Regular
14198,2.9444389791664403,3.6888794541139363,6.554503042320907,Regular
13989,4.204692619390966,3.6635616461296463,6.938206886437966,Regular
17930,3.6109179126442243,3.6375861597263857,7.2412803197421685,Regular
14154,5.480638923341991,3.970291913552122,7.205353028221294,Regular
14206,5.480638923341991,3.044522437723423,5.796543954737512,At Risk
14482,2.9444389791664403,4.919980925828125,7.538925986886914,High Value
14163,4.477336814478207,3.970291913552122,7.802581283035999,Regular
14105,5.480638923341991,4.31748811353631,7.144588695022355,Regular
17601,5.480638923341991,2.302585092994046,4.7622594012308666,At Risk
17142,5.480638923341991,2.772588722239781,6.363028103540465,At Risk
13811,5.220355825078324,2.6390573296152584,6.703801422061068,At Risk
12457,4.204692619390966,4.143134726391533,7.768207666517555,Regular
15135,5.480638923341991,2.302585092994046,4.941999501706118,At Risk
16806,4.6443908991413725,4.543294782270004,6.63746770785911,Regular
13952,5.389071729816501,4.927253685157205,8.087047303147697,Regular
13120,5.480638923341991,0.6931471805599453,3.4531571205928664,At Risk
12769,5.480638923341991,3.4965075614664802,7.042810509975002,Regular
13516,3.091042453358316,3.713572066704308,6.667478284927082,Regular
14323,4.7535901911063645,3.6109179126442243,6.406978991069148,Regular
18079,3.828641396489095,4.653960350157523,7.588612243290998,Regular
12639,5.480638923341991,3.1354942159291497,6.188469440812497,At Risk
14700,3.4965075614664802,4.727387818712341,7.694438338933248,High Value
15027,3.4657359027997265,3.58351893845611,6.972746822489577,Regular
17367,5.476463551931511,3.5263605246161616,5.12723244168007,At Risk
18213,5.472270673671475,2.772588722239781,5.45309642033559,At Risk
13220,4.3694478524670215,3.091042453358316,6.7096579362724444,Regular
15985,4.820281565605037,3.6109179126442243,6.945455606164963,Regular
16193,5.472270673671475,2.995732273553991,5.754000190816819,At Risk
15172,2.302585092994046,4.709530201312334,7.393293863521244,High Value
13692,3.258096538021482,3.9889840465642745,7.30607491892943,Regular
15745,2.995732273553991,4.143134726391533,6.999048309928502,Regular
17582,5.4680601411351315,3.4011973816621555,5.1720169104318625,At Risk
13474,5.4680601411351315,4.143134726391533,5.428643628223611,At Risk
17697,5.4680601411351315,2.995732273553991,5.828798547972468,At Risk
16639,3.4657359027997265,3.9318256327243257,7.137683760511223,Regular
16947,5.4680601411351315,3.091042453358316,6.009991851721866,At Risk
15491,4.564348191467836,5.043425116919247,8.039508941575132,Regular
16617,5.4680601411351315,1.791759469228055,5.029457048336844,At Risk
15265,5.0238805208462765,4.418840607796598,7.317955823857119,Regular
16226,5.318119993844216,2.1972245773362196,5.545646084650602,At Risk
18009,5.4638318050256105,3.4657359027997265,5.515000091600009,At Risk
16399,2.995732273553991,4.290459441148391,6.013764054602749,Regular
14623,3.4965075614664802,4.897839799950911,6.788633848074274,Regular
15625,4.653960350157523,4.174387269895637,7.336455026785429,Regular
18064,4.897839799950911,2.0794415416798357,6.703188113240863,At Risk
15508,5.247024072160486,4.532599493153256,6.909024473214282,Regular
16628,3.4339872044851463,4.770684624465665,7.691222938742128,High Value
13647,2.3978952727983707,4.3694478524670215,7.4079970912884825,High Value
15594,2.833213344056216,4.6443908991413725,7.48030421490088,High Value
13479,5.308267697401205,2.772588722239781,5.71026144075391,At Risk
13376,4.605170185988092,3.9889840465642745,6.928302726869797,Regular
15717,5.459585514144159,2.0794415416798357,5.01926462079431,At Risk
13735,3.258096538021482,5.278114659230517,7.967120720822151,High Value
13719,2.772588722239781,4.110873864173311,6.949549600639115,Regular
16633,2.8903717578961645,5.030437921392435,7.966968171867508,High Value
13101,5.459585514144159,2.1972245773362196,4.626833825624118,At Risk
15225,5.459585514144159,3.1780538303479458,6.01713229385656,At Risk
14152,4.330733340286331,3.912023005428146,6.433406222026163,Regular
12733,5.459585514144159,3.1354942159291497,5.953113455724059,At Risk
15436,2.5649493574615367,5.676753802268282,6.97424502025097,High Value
17217,5.459585514144159,2.302585092994046,4.740574822994295,At Risk
12656,2.8903717578961645,4.844187086458591,8.30700781907883,High Value
17734,4.007333185232471,3.784189633918261,6.553406199550886,Regular
14905,5.0689042022202315,2.8903717578961645,6.425112106189937,At Risk
17548,5.459585514144159,1.791759469228055,4.647271362006727,At Risk
14148,5.459585514144159,1.3862943611198906,5.063860055333554,At Risk
16103,2.0794415416798357,3.8918202981106265,7.265877175579781,High Value
14626,3.2188758248682006,4.812184355372417,7.934610164077709,High Value
14868,1.3862943611198906,4.976733742420574,7.99111517232888,High Value
18246,3.2188758248682006,1.6094379124341003,6.392084603552947,At Risk
13485,5.455321115357702,3.1780538303479458,6.120824752413689,At Risk
15517,5.455321115357702,3.332204510175204,5.591098914544516,At Risk
17115,2.1972245773362196,3.6888794541139363,6.731614581263264,Regular
17120,5.455321115357702,2.9444389791664403,5.731592175295468,At Risk
15912,5.187385805840755,2.995732273553991,5.582066715972105,At Risk
12506,5.455321115357702,3.1780538303479458,4.310799125385514,At Risk
12670,2.3978952727983707,4.532599493153256,8.005383750527514,High Value
17588,4.61512051684126,3.1354942159291497,7.080867896690782,Regular
14759,1.791759469228055,4.634728988229636,7.394474668204541,High Value
16185,2.8903717578961645,3.4657359027997265,6.273650292389248,Regular
13505,4.30406509320417,5.375278407684165,8.388138619999735,High Value
13389,2.4849066497880004,3.9512437185814275,6.683310881934879,Regular
12354,5.4510384535657,4.07753744390572,6.985086621918461,Regular
17631,1.0986122886681098,3.6888794541139363,6.271612055889925,Regular
17061,4.31748811353631,4.605170185988092,8.56278395725042,High Value
17718,5.4510384535657,1.9459101490553132,4.9441393028078915,At Risk
17630,5.14166355650266,3.295836866004329,6.223766036206958,At Risk
13223,5.303304908059076,1.791759469228055,5.101085197018328,At Risk
16146,5.062595033026967,3.4011973816621555,6.600047354321349,Regular
17109,3.4011973816621555,4.762173934797756,6.782520800150454,Regular
16587,5.4510384535657,2.6390573296152584,5.421198495923853,At Risk
12622,5.4510384535657,2.4849066497880004,5.199049364889368,At Risk
16750,3.828641396489095,4.564348191467836,6.437639643463933,Regular
13482,5.4510384535657,2.4849066497880004,5.223809314372975,At Risk
14512,5.241747015059643,3.1780538303479458,5.621414844220772,At Risk
17670,5.43372200355424,2.4849066497880004,5.331268466687723,At Risk
16834,5.43372200355424,3.2188758248682006,6.026976468109342,At Risk
15108,4.962844630259907,4.110873864173311,7.171080619929179,Regular
16942,2.6390573296152584,5.627621113690637,7.5527568376106675,High Value
14640,3.2188758248682006,4.663439094112067,7.653675159070001,High Value
16823,5.429345628954441,3.6635616461296463,5.8843803244983075,At Risk
15237,1.0986122886681098,4.605170185988092,7.253696825551129,High Value
12573,5.429345628954441,3.367295829986474,5.08475279001415,At Risk
17854,5.225746673713202,2.772588722239781,5.743836174113374,At Risk
17436,1.0986122886681098,2.302585092994046,5.381278887262384,Regular
16965,5.429345628954441,3.295836866004329,5.309207849379209,At Risk
12840,4.976733742420574,4.736198448394496,7.911239704558553,Regular
15891,5.429345628954441,4.110873864173311,6.239651868861624,Regular
17187,5.429345628954441,2.3978952727983707,5.322766046950346,At Risk
13637,3.970291913552122,4.605170185988092,6.6912148788015,Regular
17991,5.420534999272286,1.791759469228055,4.547011271814559,At Risk
16418,3.828641396489095,4.564348191467836,6.449079249540903,Regular
16099,3.9318256327243257,3.6888794541139363,6.597009266931805,Regular
15768,4.762173934797756,3.332204510175204,6.434273608356567,Regular
16637,3.4965075614664802,4.248495242049359,7.052262466590724,Regular
14240,3.4339872044851463,3.7612001156935624,6.792725948397371,Regular
15143,5.424950017481403,2.70805020110221,5.562410904191201,At Risk
13229,5.424950017481403,2.3978952727983707,5.087287645617338,At Risk
14973,4.68213122712422,3.4965075614664802,7.181934091396172,Regular
14271,5.424950017481403,2.3978952727983707,4.730215674962316,At Risk
15952,3.5553480614894135,4.442651256490317,6.663017746855669,Regular
16227,5.420534999272286,1.9459101490553132,5.753270807747395,At Risk
17893,5.420534999272286,2.772588722239781,4.684073783583557,At Risk
14022,5.420534999272286,3.367295829986474,6.089044875446846,At Risk
15210,5.420534999272286,3.044522437723423,5.805676990670853,At Risk
16370,4.418840607796598,5.402677381872279,7.172355503365555,Regular
14304,5.4116460518550396,2.8903717578961645,5.9518137414781895,At Risk
15376,3.713572066704308,4.762173934797756,7.108702299899257,Regular
14655,2.1972245773362196,3.912023005428146,7.5669474581621285,High Value
17615,4.875197323201151,2.70805020110221,5.8009091853869235,At Risk
16055,5.402677381872279,2.1972245773362196,4.911183215124596,At Risk
14149,5.402677381872279,3.367295829986474,6.103944658191983,At Risk
17501,5.402677381872279,2.9444389791664403,5.668500660511562,At Risk
14191,1.0986122886681098,5.560681631015528,8.452283401366893,High Value
13282,2.9444389791664403,3.6375861597263857,7.032747819149021,Regular
15582,3.258096538021482,3.8066624897703196,6.527826330017913,Regular
16230,5.25227342804663,3.58351893845611,6.297164567026571,At Risk
18146,4.955827057601261,2.3978952727983707,5.083575918497971,At Risk
15976,5.111987788356544,4.574710978503383,6.0606174057962985,Regular
12886,4.23410650459726,4.418840607796598,7.229403900997191,Regular
17974,3.258096538021482,5.111987788356544,6.558183618314506,Regular
13524,3.7376696182833684,3.332204510175204,6.523826588404497,Regular
17955,5.393627546352362,2.9444389791664403,5.979138897417345,At Risk
15128,4.110873864173311,4.634728988229636,7.294377299288821,Regular
16610,5.393627546352362,1.9459101490553132,4.339380059952409,At Risk
17394,5.393627546352362,1.3862943611198906,3.8989377658794906,At Risk
16094,2.5649493574615367,4.1588830833596715,6.984003102876341,Regular
14173,2.4849066497880004,3.4011973816621555,6.1133281348648225,Regular
16258,3.828641396489095,4.90527477843843,8.47664407632767,High Value
14948,3.1780538303479458,4.1588830833596715,7.005761820334205,Regular
17384,2.995732273553991,2.772588722239781,5.821269170111868,Regular
16990,5.393627546352362,0.6931471805599453,5.19295685089021,At Risk
13762,5.393627546352362,2.0794415416798357,5.729190278590734,At Risk
12593,4.700480365792417,3.091042453358316,6.038109554931026,At Risk
14340,5.393627546352362,1.9459101490553132,4.9104465668408235,At Risk
17429,4.859812404361672,3.6888794541139363,6.265149109915909,Regular
13711,5.393627546352362,2.6390573296152584,5.5336266147611175,At Risk
14515,2.9444389791664403,4.59511985013459,7.63910823474312,High Value
16457,5.389071729816501,2.302585092994046,5.34405525822189,At Risk
17527,4.007333185232471,3.871201010907891,6.8462734148384685,Regular
14199,5.389071729816501,1.0986122886681098,5.2278949022514904,At Risk
13888,4.795790545596741,3.6888794541139363,6.391364196743265,Regular
14423,5.389071729816501,1.3862943611198906,5.5842479059610115,At Risk
14697,5.389071729816501,3.1354942159291497,5.2449693310461125,At Risk
17522,1.0986122886681098,4.30406509320417,6.977010782644906,High Value
13867,3.4657359027997265,4.110873864173311,6.913826809878765,Regular
17624,2.772588722239781,3.9318256327243257,6.7387210533149595,Regular
14393,5.389071729816501,1.791759469228055,4.233381604239311,At Risk
17578,5.389071729816501,1.791759469228055,4.973002652622701,At Risk
13450,3.332204510175204,4.2626798770413155,7.570979190890724,Regular
17423,3.8501476017100584,3.295836866004329,6.550237122496749,Regular
18241,2.3978952727983707,4.653960350157523,7.637277782254905,High Value
15668,5.389071729816501,0.6931471805599453,4.34795265434013,At Risk
16319,5.389071729816501,1.3862943611198906,6.004874234017899,At Risk
15757,4.204692619390966,3.828641396489095,6.572869782822179,Regular
17174,5.389071729816501,1.6094379124341003,4.109233174715851,At Risk
13365,3.5553480614894135,4.859812404361672,7.708127735453272,High Value
18227,5.389071729816501,1.791759469228055,4.5512418439625355,At Risk
14145,3.871201010907891,2.4849066497880004,8.227696139552007,Regular
18235,4.290459441148391,4.653960350157523,7.494140962968628,Regular
13741,4.290459441148391,3.5553480614894135,6.50642660402637,Regular
12394,4.174387269895637,3.258096538021482,6.71285899060603,Regular
16832,5.220355825078324,2.5649493574615367,5.299067085438582,At Risk
15258,5.135798437050262,3.5553480614894135,6.4364067457583465,Regular
15552,5.384495062789089,2.8903717578961645,4.512177319138927,At Risk
18170,3.5263605246161616,3.6635616461296463,6.888888413724063,Regular
13723,5.384495062789089,1.9459101490553132,5.302558360805291,At Risk
14005,2.3978952727983707,4.430816798843313,7.928377196936148,High Value
15561,2.5649493574615367,3.332204510175204,6.686597255202886,Regular
16121,4.060443010546419,5.3230099791384085,6.751873100976731,Regular
18142,5.062595033026967,2.4849066497880004,6.096454994298919,At Risk
13642,5.37989735354046,4.060443010546419,5.7470973593421455,At Risk
15117,2.772588722239781,4.356708826689592,7.090726624617589,Regular
13561,5.37989735354046,2.70805020110221,4.961865129726826,At Risk
15704,4.948759890378168,4.770684624465665,7.738322531443156,Regular
16007,3.8918202981106265,5.945420608606575,7.435325919136224,High Value
16232,3.8066624897703196,3.6375861597263857,6.89960213222575,Regular
17410,2.833213344056216,4.174387269895637,7.1030917728535865,Regular
13835,3.258096538021482,4.02535169073515,6.728114126692287,Regular
13427,2.995732273553991,3.4011973816621555,6.369215816648631,Regular
14353,5.375278407684165,1.9459101490553132,4.517431271680085,At Risk
12700,2.1972245773362196,5.594711379601839,8.505320994961897,High Value
13003,4.672828834461906,1.9459101490553132,5.010968571886377,At Risk
16756,5.375278407684165,2.6390573296152584,5.4823042026610525,At Risk
13492,4.919980925828125,3.9318256327243257,7.147433378135437,Regular
16440,2.1972245773362196,5.645446897643238,8.20019764662707,High Value
18120,5.3706380281276624,2.8903717578961645,4.719837260966218,At Risk
12355,5.3706380281276624,2.6390573296152584,6.132095676847728,At Risk
17723,5.159055299214529,2.0794415416798357,7.092074838438765,At Risk
14699,5.3706380281276624,2.1972245773362196,4.701661486176852,At Risk
12821,5.3706380281276624,1.9459101490553132,4.540311613639595,At Risk
13055,4.3694478524670215,4.343805421853684,7.102836747411359,Regular
13320,4.3694478524670215,4.663439094112067,7.3351123335064,Regular
16357,3.5263605246161616,3.5553480614894135,6.492058000307724,Regular
18242,4.290459441148391,4.3694478524670215,7.711320663504335,Regular
15865,3.7376696182833684,3.713572066704308,6.798085491736212,Regular
17597,5.3706380281276624,4.007333185232471,7.59331877596866,Regular
14397,1.3862943611198906,4.465908118654584,7.828149579689029,High Value
13242,4.727387818712341,2.6390573296152584,5.603593747400769,At Risk
12684,2.1972245773362196,4.653960350157523,7.711007203530607,High Value
14288,5.365976015021851,2.833213344056216,6.05818817915089,At Risk
15063,5.365976015021851,1.791759469228055,5.918356075287344,At Risk
12592,4.532599493153256,2.9444389791664403,6.083587835983788,At Risk
14591,2.772588722239781,5.176149732573829,7.18630326236477,High Value
13990,5.365976015021851,2.833213344056216,5.7439642642890325,At Risk
12749,1.6094379124341003,5.298317366548036,8.316759801128319,High Value
16320,5.153291594497779,4.04305126783455,6.946456626519212,Regular
14691,3.4657359027997265,4.276666119016055,7.656966107678013,Regular
16229,4.477336814478207,3.871201010907891,6.91928851479581,Regular
14920,5.365976015021851,4.060443010546419,6.886296681323568,Regular
17489,4.0943445622221,3.4011973816621555,5.933941360864316,Regular
13404,0.6931471805599453,2.4849066497880004,5.5353243745214,Regular
15729,5.365976015021851,1.791759469228055,4.454347296253507,At Risk
13136,4.04305126783455,4.852030263919617,7.866572791402729,Regular
16644,5.187385805840755,4.143134726391533,6.72716821708184,Regular
14731,3.871201010907891,3.828641396489095,5.942851867187289,Regular
14277,2.772588722239781,5.407171771460119,8.340217320947035,High Value
15187,1.0986122886681098,4.51085950651685,8.45816055172354,High Value
13052,5.3612921657094255,2.9444389791664403,5.8555016292920445,At Risk
17664,2.995732273553991,3.784189633918261,6.406285750140171,Regular
14649,1.791759469228055,5.225746673713202,7.225008289524153,High Value
12649,4.68213122712422,3.4657359027997265,6.4369673422476765,Regular
13235,5.3612921657094255,4.07753744390572,6.939321773198559,Regular
14883,2.995732273553991,3.9889840465642745,6.636720534303131,Regular
12976,5.3612921657094255,3.1354942159291497,6.60610949951297,At Risk
14681,4.276666119016055,2.0794415416798357,6.214508093421858,At Risk
14421,4.060443010546419,3.332204510175204,6.702095492007746,Regular
16116,5.3612921657094255,3.5553480614894135,6.419636557751217,At Risk
14988,5.3612921657094255,3.713572066704308,5.8157411743422545,At Risk
15489,3.1780538303479458,3.9318256327243257,7.034634595526282,Regular
14364,4.700480365792417,4.248495242049359,8.221035300483413,Regular
16006,5.356586274672012,2.1972245773362196,4.628886712605407,At Risk
16184,4.174387269895637,3.828641396489095,7.055994233228931,Regular
17932,3.4011973816621555,4.51085950651685,7.19486468749322,Regular
18221,3.1354942159291497,4.174387269895637,6.949482463694109,Regular
12590,5.356586274672012,4.219507705176107,9.156439470207385,Regular
14853,3.2188758248682006,2.302585092994046,6.16709711575114,At Risk
17658,3.295836866004329,2.995732273553991,6.39094511686889,Regular
17764,3.9512437185814275,4.276666119016055,6.650990309165078,Regular
14651,4.219507705176107,4.624972813284271,6.484253483387821,Regular
14000,5.356586274672012,2.6390573296152584,6.2172047242694575,At Risk
13601,3.828641396489095,4.605170185988092,6.54293294933599,Regular
12757,2.833213344056216,5.8998973535824915,8.966439112421154,High Value
17970,5.356586274672012,3.4011973816621555,6.334681841736619,At Risk
12770,5.356586274672012,2.5649493574615367,7.209673041460572,At Risk
15826,4.04305126783455,4.23410650459726,7.411743581448863,Regular
15907,1.6094379124341003,5.424950017481403,6.784140270382827,High Value
12695,2.0794415416798357,3.332204510175204,6.368358698228111,Regular
14342,3.091042453358316,3.091042453358316,6.506620780234419,Regular
14873,5.351858133476067,3.367295829986474,6.25513564959826,At Risk
14689,5.3471075307174685,2.6390573296152584,4.73444252169223,At Risk
15440,4.02535169073515,4.143134726391533,5.952411819844281,Regular
16076,1.3862943611198906,4.867534450455582,7.712323075642278,High Value
15333,5.342334251964811,2.833213344056216,6.936886805488385,At Risk
16283,1.9459101490553132,5.117993812416755,7.359983100544423,High Value
17263,5.342334251964811,3.1780538303479458,4.165734558308774,At Risk
16877,2.5649493574615367,5.056245805348308,6.742432422151628,High Value
12674,3.6888794541139363,4.430816798843313,7.586600674831223,Regular
16642,1.791759469228055,3.5553480614894135,6.535720111358577,Regular
12871,4.442651256490317,2.4849066497880004,5.9444777558836455,At Risk
14038,4.3694478524670215,4.532599493153256,7.353325324586606,Regular
14489,5.337538079701318,3.4339872044851463,6.14070318257422,At Risk
14888,5.337538079701318,3.044522437723423,5.914043400139397,At Risk
17190,4.0943445622221,2.995732273553991,6.09973582239177,At Risk
13456,2.9444389791664403,4.1588830833596715,7.477445859614847,Regular
17898,4.454347296253507,3.367295829986474,5.030830001381775,At Risk
13976,5.337538079701318,2.3978952727983707,5.8832666766299955,At Risk
16139,2.995732273553991,3.4657359027997265,6.455843009727984,Regular
15730,4.204692619390966,4.2626798770413155,7.022761128491225,Regular
16266,4.31748811353631,4.127134385045092,6.760287220618741,Regular
15123,2.0794415416798357,4.672828834461906,7.696353538510563,High Value
17702,3.4339872044851463,4.31748811353631,7.509537985193698,Regular
17505,5.093750200806762,3.970291913552122,7.0447656130660885,Regular
12690,5.332718793265369,2.833213344056216,5.966172379820607,At Risk
16446,5.332718793265369,1.0986122886681098,1.3609765531356006,At Risk
17556,5.332718793265369,1.9459101490553132,5.0682750735426705,At Risk
14583,1.9459101490553132,5.713732805509369,6.895642211098335,High Value
16818,2.4849066497880004,5.241747015059643,8.116885759599102,High Value
13572,5.332718793265369,3.5263605246161616,7.233635907747459,Regular
14009,5.293304824724492,3.7612001156935624,6.546225713269575,Regular
13258,2.5649493574615367,3.6109179126442243,6.512977853578813,Regular
14463,4.59511985013459,1.9459101490553132,6.2740461341708045,At Risk
13192,4.564348191467836,4.1588830833596715,6.81667016102037,Regular
16987,1.3862943611198906,4.859812404361672,7.388822480583852,High Value
13417,1.791759469228055,3.367295829986474,6.4643234711171225,Regular
17047,4.454347296253507,4.189654742026425,7.004791241493732,Regular
15116,2.9444389791664403,3.828641396489095,7.2106337983152,Regular
17469,2.833213344056216,4.48863636973214,7.5347466312681,High Value
16647,5.14166355650266,2.70805020110221,5.37091705896238,At Risk
15630,3.828641396489095,4.110873864173311,7.079479212140812,Regular
17245,5.327876168789581,2.302585092994046,5.15010733938285,At Risk
16008,3.2188758248682006,3.5263605246161616,6.173327665501776,Regular
17871,5.327876168789581,2.3978952727983707,5.055608659738987,At Risk
13529,4.382026634673881,2.772588722239781,5.732564276081653,At Risk
12620,2.772588722239781,4.532599493153256,7.20073081629489,Regular
15599,3.332204510175204,3.970291913552122,6.636917213055248,Regular
16813,2.1972245773362196,6.054439346269371,7.373185968257736,High Value
14859,2.6390573296152584,4.07753744390572,7.211364832983292,Regular
16463,3.091042453358316,4.418840607796598,7.260803654865171,Regular
15791,3.8066624897703196,4.330733340286331,7.386278760989393,Regular
13658,2.3978952727983707,4.6913478822291435,7.878598588006555,High Value
13887,5.3230099791384085,2.995732273553991,5.859503349652977,At Risk
12353,5.3230099791384085,1.6094379124341003,4.499809670330265,At Risk
14551,2.9444389791664403,2.3978952727983707,5.232337807614061,At Risk
17166,3.6888794541139363,2.5649493574615367,5.334359957894966,At Risk
17926,4.897839799950911,3.091042453358316,5.98718038316893,At Risk
13391,5.3230099791384085,0.6931471805599453,4.107589788972121,At Risk
17455,5.3230099791384085,2.1972245773362196,4.888090941338162,At Risk
13856,5.135798437050262,2.6390573296152584,5.690021559406164,At Risk
13308,3.1780538303479458,3.9889840465642745,7.189944794924268,Regular
13243,5.318119993844216,4.060443010546419,6.373524546769825,Regular
15095,4.653960350157523,3.871201010907891,7.223733220588765,Regular
18048,5.318119993844216,2.0794415416798357,5.1549664916521545,At Risk
18287,3.784189633918261,4.2626798770413155,7.516585630812605,Regular
18150,3.4965075614664802,3.6375861597263857,6.341381708583334,Regular
16690,4.290459441148391,2.5649493574615367,5.423098083445343,At Risk
13555,4.31748811353631,4.912654885736052,8.318712983971391,High Value
16038,2.1972245773362196,3.295836866004329,6.1586301640127346,Regular
13972,4.276666119016055,2.772588722239781,5.253581472706645,At Risk
13227,5.313205979041787,2.302585092994046,5.5556690891919835,At Risk
13657,2.4849066497880004,2.833213344056216,5.948400457636955,Regular
17176,5.313205979041787,2.772588722239781,5.7272711107251055,At Risk
14837,4.51085950651685,4.6913478822291435,7.408833551293248,Regular
14921,3.4339872044851463,4.3694478524670215,7.1831648514317985,Regular
14682,5.241747015059643,1.0986122886681098,3.970291913552122,At Risk
16341,3.258096538021482,4.356708826689592,7.587244614343444,Regular
14647,5.308267697401205,3.367295829986474,5.4682289032653095,At Risk
12710,4.584967478670572,4.356708826689592,7.047534612510416,Regular
15292,5.308267697401205,3.2188758248682006,5.189562206710999,At Risk
15705,5.308267697401205,1.9459101490553132,4.970507503005476,At Risk
13339,5.308267697401205,4.007333185232471,6.758233867538541,Regular
13885,5.247024072160486,3.367295829986474,6.230087669270578,At Risk
12360,3.970291913552122,4.867534450455582,7.887231116540211,Regular
13546,2.5649493574615367,4.584967478670572,6.433084776805697,Regular
18160,4.060443010546419,3.6888794541139363,6.459998346683129,Regular
15434,2.1972245773362196,4.02535169073515,6.94935776883665,Regular
15734,4.7535901911063645,3.295836866004329,7.200760657465263,Regular
13737,5.303304908059076,3.4339872044851463,5.830708768228588,At Risk
13213,4.060443010546419,4.51085950651685,7.327504547645857,Regular
18018,4.6913478822291435,3.4011973816621555,4.813321919483064,At Risk
15314,5.298317366548036,3.2188758248682006,5.795966561197395,At Risk
17521,3.4339872044851463,3.828641396489095,6.585081405576444,Regular
15042,5.298317366548036,1.791759469228055,4.919469846344143,At Risk
16091,5.049856007249537,2.9444389791664403,5.755932068980957,At Risk
15804,0.6931471805599453,5.572154032177765,8.344597781932357,High Value
14593,3.1354942159291497,5.0238805208462765,6.426731146452936,Regular
14287,2.1972245773362196,2.1972245773362196,5.077358926139164,At Risk
16763,5.298317366548036,3.1780538303479458,6.418120207787174,At Risk
14705,5.298317366548036,0.6931471805599453,5.19295685089021,At Risk
12562,2.1972245773362196,5.1298987149230735,8.238203893748778,High Value
12815,5.003946305945459,3.871201010907891,6.970222907300612,Regular
14522,3.2188758248682006,2.8903717578961645,6.882991163835519,Regular
16448,5.293304824724492,2.995732273553991,5.214881408306002,At Risk
14584,5.135798437050262,4.59511985013459,6.941248080464172,Regular
12974,5.293304824724492,2.1972245773362196,4.982235819574558,At Risk
12987,4.31748811353631,3.367295829986474,6.327400925897314,Regular
14816,5.288267030694535,1.6094379124341003,5.608922193632241,At Risk
15852,5.236441962829949,3.1354942159291497,5.085804607589853,At Risk
16624,4.406719247264253,3.8918202981106265,6.6989706432467875,Regular
12493,5.117993812416755,3.1354942159291497,6.0747481512447195,At Risk
18232,4.418840607796598,3.6375861597263857,6.386828813036717,Regular
18073,4.74493212836325,4.189654742026425,7.664299704671874,Regular
16369,2.9444389791664403,4.770684624465665,7.343691394505391,High Value
14280,5.288267030694535,2.1972245773362196,4.905571030847647,At Risk
17345,2.772588722239781,4.430816798843313,6.255154855067978,Regular
16275,5.288267030694535,3.5263605246161616,6.329489149614112,At Risk
14338,5.087596335232384,3.4657359027997265,6.3787996283436765,Regular
15402,5.0106352940962555,3.713572066704308,6.286091200044056,Regular
12876,4.07753744390572,4.454347296253507,7.704820935960926,Regular
16323,5.2832037287379885,0.6931471805599453,5.339939041238856,At Risk
12426,5.278114659230517,3.4339872044851463,6.369438547154207,At Risk
14451,4.110873864173311,4.663439094112067,6.469095266016332,Regular
14823,5.198497031265826,4.2626798770413155,5.775886058412575,Regular
15897,5.272999558563747,3.091042453358316,4.596028528070808,At Risk
17051,5.272999558563747,3.7612001156935624,5.48848307736504,At Risk
15925,5.272999558563747,2.5649493574615367,5.3382589736409845,At Risk
12787,2.3978952727983707,3.044522437723423,6.141305955347142,Regular
15863,3.295836866004329,2.9444389791664403,4.246206911531347,At Risk
16483,5.262690188904886,2.995732273553991,4.9441393028078915,At Risk
13398,5.262690188904886,3.295836866004329,6.127611266781323,At Risk
16333,5.262690188904886,0.6931471805599453,5.185148668442399,At Risk
13070,5.262690188904886,2.302585092994046,5.437209365414655,At Risk
14819,4.174387269895637,2.6390573296152584,5.609728172573878,At Risk
12790,5.262690188904886,3.091042453358316,5.786651952478496,At Risk
15163,2.9444389791664403,3.4011973816621555,5.721851574117079,Regular
18204,4.276666119016055,5.262690188904886,7.589006988129015,Regular
16810,5.262690188904886,2.772588722239781,5.738312717553024,At Risk
15124,3.1780538303479458,2.772588722239781,5.221382325073914,At Risk
12473,3.4011973816621555,5.123963979403259,8.276152945361936,High Value
16969,3.6888794541139363,3.7376696182833684,6.45225398073651,Regular
14597,2.4849066497880004,3.871201010907891,6.76531575508289,Regular
13917,3.9318256327243257,2.9444389791664403,5.609618304598452,At Risk
16424,5.2574953720277815,1.791759469228055,4.902010196224638,At Risk
13062,5.2574953720277815,2.3978952727983707,5.661222860237405,At Risk
16484,5.1647859739235145,3.258096538021482,6.004627533634263,At Risk
14389,4.189654742026425,3.828641396489095,6.9512552844279885,Regular
15184,3.4011973816621555,4.143134726391533,5.999432716757159,Regular
18135,3.4011973816621555,3.044522437723423,6.52636307929225,Regular
14453,5.25227342804663,3.1354942159291497,4.795211865797184,At Risk
17900,5.25227342804663,1.9459101490553132,4.729156165769083,At Risk
13437,2.70805020110221,5.123963979403259,8.134191872452362,High Value
12517,3.367295829986474,5.634789603169249,7.817061677081847,High Value
16529,5.25227342804663,3.4339872044851463,6.123040904896701,At Risk
17531,5.25227342804663,2.70805020110221,5.69608626802173,At Risk
16239,4.060443010546419,2.995732273553991,6.028760331851679,At Risk
14500,4.48863636973214,2.0794415416798357,5.880113904184607,At Risk
16117,5.25227342804663,3.4339872044851463,5.451939335203601,At Risk
13248,4.836281906951478,3.295836866004329,6.145643797955656,At Risk
16967,5.247024072160486,3.091042453358316,5.768383493840728,At Risk
15405,5.247024072160486,2.1972245773362196,5.85821882796062,At Risk
16659,5.247024072160486,1.0986122886681098,3.691874963093735,At Risk
16880,3.4657359027997265,5.1647859739235145,7.308160942994333,High Value
13435,1.791759469228055,4.605170185988092,8.23650791751455,High Value
13131,3.1780538303479458,3.8066624897703196,6.979424565672496,Regular
14891,5.003946305945459,3.5263605246161616,6.319652564141498,Regular
16682,1.791759469228055,3.4011973816621555,6.86680827664873,Regular
15453,1.0986122886681098,5.634789603169249,7.224585875348061,High Value
16963,5.236441962829949,2.0794415416798357,4.714472920878541,At Risk
13682,5.236441962829949,1.3862943611198906,4.102643365036796,At Risk
15462,4.553876891600541,2.4849066497880004,5.462135451777431,At Risk
15152,2.3978952727983707,5.605802066295998,8.465202812016113,High Value
12449,3.1354942159291497,5.2574953720277815,8.310978042729836,High Value
15349,5.0689042022202315,4.276666119016055,6.141843838467353,Regular
16849,5.236441962829949,2.1972245773362196,4.8328633720008725,At Risk
12802,5.236441962829949,3.258096538021482,6.060477418394936,At Risk
15073,2.3978952727983707,4.007333185232471,6.951207411654662,Regular
16298,3.1780538303479458,3.332204510175204,6.3955954322030095,Regular
12535,4.532599493153256,3.5553480614894135,6.575563866544399,Regular
18248,4.820281565605037,3.871201010907891,6.690867121830435,Regular
15386,5.231108616854587,3.4657359027997265,5.979240132485259,At Risk
16611,5.231108616854587,2.3978952727983707,4.871296595474155,At Risk
17252,4.770684624465665,4.465908118654584,5.857675978559423,Regular
14542,5.231108616854587,1.791759469228055,4.646791860678911,At Risk
16825,3.6888794541139363,3.295836866004329,6.402547180666852,Regular
12380,3.1354942159291497,4.653960350157523,7.910520910634419,High Value
18072,5.231108616854587,2.9444389791664403,5.515201367691102,At Risk
13643,3.4657359027997265,3.367295829986474,6.254674607635275,Regular
15969,1.3862943611198906,3.044522437723423,6.502939959715469,Regular
13283,4.110873864173311,2.0794415416798357,4.5502915244781015,At Risk
17015,3.4011973816621555,5.3706380281276624,7.517308871615334,High Value
14375,5.225746673713202,4.204692619390966,5.466201875544222,At Risk
17124,5.225746673713202,3.4657359027997265,5.687788584901852,At Risk
17987,5.225746673713202,2.6390573296152584,5.2961650519798935,At Risk
13395,5.225746673713202,3.091042453358316,5.7324347172293635,At Risk
17828,3.1780538303479458,4.219507705176107,7.507190501900052,Regular
15743,2.833213344056216,4.465908118654584,6.655388868991024,Regular
17414,5.225746673713202,1.3862943611198906,3.367295829986474,At Risk
14622,5.225746673713202,3.091042453358316,5.773246346316266,At Risk
15609,5.220355825078324,2.833213344056216,5.702047637362485,At Risk
14561,4.343805421853684,4.248495242049359,6.986344623342368,Regular
16872,4.356708826689592,1.6094379124341003,5.2972167611040035,At Risk
16358,0.6931471805599453,4.700480365792417,7.615051882646502,High Value
15238,3.4011973816621555,3.9318256327243257,6.978204422922778,Regular
13115,2.5649493574615367,4.795790545596741,7.7388279340332105,High Value
13466,5.220355825078324,2.8903717578961645,5.733017599924536,At Risk
17360,2.8903717578961645,4.836281906951478,6.344302137815459,Regular
13510,0.6931471805599453,4.7535901911063645,7.491400044716921,High Value
12406,3.1354942159291497,4.663439094112067,8.136313373066384,High Value
16892,0.6931471805599453,4.584967478670572,6.25226990480378,High Value
14241,5.220355825078324,2.3978952727983707,5.369241704884735,At Risk
14132,1.0986122886681098,5.303304908059076,8.185079841032296,High Value
14963,2.3978952727983707,5.262690188904886,7.295287211280274,High Value
17169,4.07753744390572,4.007333185232471,6.729561192451421,Regular
15252,3.6109179126442243,3.8066624897703196,6.60905270324689,Regular
17731,4.382026634673881,4.219507705176107,7.123761419471479,Regular
16113,5.214935757608986,3.4339872044851463,5.089939267434301,At Risk
12694,4.2626798770413155,3.6375861597263857,6.769263030204804,Regular
16107,2.9444389791664403,3.4657359027997265,8.072517290105589,Regular
17483,4.189654742026425,3.091042453358316,6.028374901128079,At Risk
15679,3.2188758248682006,4.709530201312334,6.6622127327244485,Regular
13686,5.214935757608986,2.1972245773362196,4.290459441148391,At Risk
16581,5.214935757608986,2.302585092994046,4.67133238824176,At Risk
15267,3.1354942159291497,2.3978952727983707,7.357938780778566,Regular
17234,5.214935757608986,2.70805020110221,5.01655109452556,At Risk
17797,3.1354942159291497,4.718498871295094,6.6611255745126075,Regular
16614,5.214935757608986,3.295836866004329,6.228885686840323,At Risk
12409,4.382026634673881,4.6913478822291435,9.301210710254445,High Value
15411,3.295836866004329,4.59511985013459,7.207808018236269,Regular
14178,2.302585092994046,5.765191102784844,7.378546098312443,High Value
15098,5.209486152841421,1.3862943611198906,10.594570103213856,Regular
18281,5.204006687076795,2.0794415416798357,4.404521712501253,At Risk
14984,2.995732273553991,3.6888794541139363,5.315026980110984,Regular
12516,4.3694478524670215,3.258096538021482,7.097863110576525,Regular
17265,4.941642422609304,4.812184355372417,6.311752957808554,Regular
13617,3.713572066704308,3.8066624897703196,6.301116015363744,Regular
17242,4.6913478822291435,3.713572066704308,7.0353038099288,Regular
17289,3.4965075614664802,4.653960350157523,6.837354273682813,Regular
16018,3.6888794541139363,3.367295829986474,6.015913227510292,Regular
14704,2.4849066497880004,5.976350909297934,7.309854729614,High Value
16794,0.6931471805599453,5.631211781821365,7.08799132928507,High Value
13761,3.9318256327243257,4.2626798770413155,6.976954795783142,Regular
13517,4.110873864173311,4.955827057601261,7.663604921153483,Regular
13936,5.198497031265826,3.295836866004329,5.933782466766897,At Risk
16342,4.330733340286331,2.772588722239781,5.778920868124441,At Risk
14177,4.465908118654584,3.7376696182833684,6.310754292305705,Regular
16205,3.4657359027997265,4.584967478670572,6.631514175005942,Regular
12732,5.198497031265826,2.5649493574615367,5.469156586232957,At Risk
15036,4.290459441148391,4.787491742782046,6.065086686978596,Regular
13589,2.772588722239781,3.091042453358316,5.941880317752221,Regular
17579,1.791759469228055,3.9318256327243257,6.109025335847127,Regular
15069,5.19295685089021,4.2626798770413155,7.012592657827759,Regular
17349,5.19295685089021,2.1972245773362196,4.5976419195673,At Risk
13080,5.19295685089021,1.9459101490553132,4.078892457663179,At Risk
13663,5.19295685089021,2.6390573296152584,5.249494701850468,At Risk
14503,1.3862943611198906,5.10594547390058,8.173084672465158,High Value
16774,4.23410650459726,3.8918202981106265,6.496050746083953,Regular
13384,3.4657359027997265,5.017279836814924,8.221814912329986,High Value
17101,2.3978952727983707,3.7612001156935624,7.391865195080271,Regular
14997,3.8501476017100584,3.295836866004329,6.3048143663083405,Regular
17155,2.9444389791664403,3.044522437723423,5.532203014394148,Regular
12809,5.187385805840755,3.258096538021482,6.1950378441253156,At Risk
16461,5.187385805840755,3.4965075614664802,4.969257589642278,At Risk
13343,5.187385805840755,2.995732273553991,5.870510865261174,At Risk
12624,4.672828834461906,3.6635616461296463,6.464790775403018,Regular
18165,5.181783550292085,2.3978952727983707,5.715249806097095,At Risk
17536,5.181783550292085,1.3862943611198906,4.350277936359301,At Risk
16324,4.859812404361672,4.718498871295094,6.01515665936477,Regular
17651,2.5649493574615367,5.4510384535657,8.28045768658256,High Value
14222,5.181783550292085,3.7376696182833684,6.528206424753791,Regular
15585,5.181783550292085,3.4657359027997265,6.123150487933357,At Risk
17490,0.6931471805599453,4.343805421853684,7.646506601347098,High Value
16739,5.181783550292085,2.6390573296152584,5.780743515792329,At Risk
16276,5.181783550292085,1.791759469228055,5.630494678886369,At Risk
17193,3.6109179126442243,3.4339872044851463,7.312833645648803,Regular
16257,5.181783550292085,1.0986122886681098,3.8701588013294472,At Risk
16279,3.091042453358316,4.672828834461906,7.315737217214576,Regular
14285,3.091042453358316,3.332204510175204,7.555387177088957,Regular
17642,4.795790545596741,3.713572066704308,6.569888069839022,Regular
12816,4.574710978503383,3.4011973816621555,6.351234695954017,Regular
13826,5.176149732573829,2.3978952727983707,5.249652194566756,At Risk
13575,3.1780538303479458,3.8501476017100584,6.597241195280628,Regular
17157,2.1972245773362196,2.6390573296152584,5.768320995793772,Regular
16852,2.3978952727983707,2.302585092994046,4.982989993275932,At Risk
15219,5.176149732573829,2.302585092994046,5.7260330835910205,At Risk
15014,3.784189633918261,3.5263605246161616,5.555553118030016,Regular
14765,3.4011973816621555,3.6888794541139363,5.541694824693056,Regular
16869,3.1780538303479458,4.852030263919617,6.707009025109966,Regular
15909,5.1647859739235145,2.0794415416798357,5.262379259742407,At Risk
13618,5.1647859739235145,2.6390573296152584,5.183691840706733,At Risk
16050,5.1647859739235145,2.3978952727983707,4.933754249760298,At Risk
17879,5.1647859739235145,1.9459101490553132,5.190286622334331,At Risk
17562,2.70805020110221,4.1588830833596715,7.024097276842117,Regular
15334,5.062595033026967,4.59511985013459,5.863119681170759,Regular
12450,5.056245805348308,2.1972245773362196,5.292701627762401,At Risk
13568,5.159055299214529,3.784189633918261,5.2367078849163455,At Risk
14820,3.091042453358316,3.4011973816621555,6.231052150838124,Regular
16744,2.4849066497880004,5.4680601411351315,7.164650770780832,High Value
15700,5.153291594497779,4.465908118654584,6.54776054491873,Regular
17299,2.5649493574615367,4.02535169073515,6.4886120504389995,Regular
12837,5.159055299214529,2.5649493574615367,4.906015244966153,At Risk
15076,5.159055299214529,3.912023005428146,6.782021973516374,Regular
17444,5.003946305945459,4.90527477843843,7.965739998672565,Regular
15921,5.159055299214529,3.2188758248682006,5.780836104098492,At Risk
15747,2.6390573296152584,4.51085950651685,6.85397468329749,Regular
15840,4.0943445622221,3.332204510175204,5.876502528638301,Regular
15016,5.159055299214529,3.044522437723423,5.141897447276735,At Risk
14808,3.713572066704308,5.44673737166631,7.908240089652304,High Value
12904,2.9444389791664403,4.276666119016055,6.208710743156108,Regular
15825,5.153291594497779,3.044522437723423,6.2802834730968256,At Risk
12432,3.784189633918261,4.6913478822291435,8.529185001388596,High Value
15280,5.153291594497779,2.833213344056216,4.737250526345299,At Risk
17159,3.1354942159291497,4.624972813284271,7.33945977029367,Regular
15329,3.6888794541139363,4.060443010546419,6.957211887694729,Regular
12830,4.5217885770490405,2.3978952727983707,7.581780800334496,Regular
15507,5.153291594497779,3.828641396489095,6.167222946760261,Regular
18252,3.9512437185814275,4.553876891600541,6.252423979106417,Regular
16526,5.153291594497779,2.772588722239781,5.674559615979298,At Risk
17695,4.890349128221754,3.58351893845611,6.641625935491769,Regular
12930,4.3694478524670215,3.258096538021482,6.032606490439157,At Risk
14960,2.1972245773362196,3.332204510175204,5.4038928590966755,Regular
12444,3.091042453358316,5.176149732573829,8.518484357502437,High Value
17960,5.147494476813453,3.295836866004329,4.314550469548967,At Risk
15412,5.147494476813453,2.3978952727983707,5.25504445431457,At Risk
13849,3.970291913552122,4.624972813284271,7.338855644682132,Regular
12798,5.147494476813453,0.6931471805599453,4.250208060053033,At Risk
16114,5.147494476813453,2.1972245773362196,4.918154441302091,At Risk
13420,5.017279836814924,2.1972245773362196,5.080472253685035,At Risk
13780,2.0794415416798357,4.04305126783455,5.61753444260831,Regular
17877,5.14166355650266,2.5649493574615367,5.474830419933934,At Risk
16247,5.14166355650266,2.833213344056216,4.749789875598035,At Risk
15041,5.14166355650266,4.204692619390966,5.198110216131005,At Risk
12379,4.418840607796598,3.713572066704308,6.749040867823617,Regular
16287,5.14166355650266,2.0794415416798357,4.838026416156094,At Risk
12919,2.1972245773362196,3.9318256327243257,7.197577559553778,Regular
15130,5.14166355650266,3.1354942159291497,5.802450646452902,At Risk
12704,2.0794415416798357,4.48863636973214,7.758692224146705,High Value
17370,4.30406509320417,3.5263605246161616,6.102961198121657,Regular
17709,5.14166355650266,2.0794415416798357,4.9305092496169705,At Risk
15253,2.833213344056216,3.9889840465642745,6.823503726534546,Regular
13300,5.135798437050262,3.044522437723423,5.921283469984221,At Risk
17759,2.8903717578961645,4.51085950651685,6.7104743871936545,Regular
12465,2.8903717578961645,3.871201010907891,6.610951732080795,Regular
12412,4.330733340286331,4.127134385045092,7.1130443840624835,Regular
12697,3.4011973816621555,3.7376696182833684,6.865463454791294,Regular
13937,5.135798437050262,2.302585092994046,5.074235875505851,At Risk
12615,1.0986122886681098,4.663439094112067,7.73726297143202,High Value
15850,2.995732273553991,4.543294782270004,5.463323201132304,Regular
15186,2.70805020110221,2.995732273553991,6.022018000151438,Regular
13791,4.859812404361672,2.3978952727983707,7.112327444710911,At Risk
14795,5.117993812416755,1.9459101490553132,4.886205215718078,At Risk
17768,2.1972245773362196,4.59511985013459,7.641516432427338,High Value
18112,2.5649493574615367,3.295836866004329,5.868420823264403,Regular
12548,5.117993812416755,1.791759469228055,4.566429357671661,At Risk
17386,2.1972245773362196,3.295836866004329,7.394898679542443,Regular
14104,5.049856007249537,3.091042453358316,5.380864627515602,At Risk
17110,5.111987788356544,2.5649493574615367,5.101694025043222,At Risk
18193,5.111987788356544,2.833213344056216,5.500278138594339,At Risk
13895,3.367295829986474,4.77912349311153,7.860983349863101,High Value
16545,5.111987788356544,1.3862943611198906,5.82982758150686,At Risk
16671,3.6109179126442243,1.3862943611198906,6.0387058934304205,At Risk
14351,5.111987788356544,0.6931471805599453,3.9512437185814275,At Risk
16824,2.833213344056216,3.295836866004329,6.134785366552204,Regular
17750,1.791759469228055,5.220355825078324,7.445096243403855,High Value
16200,1.6094379124341003,5.153291594497779,6.9752924247476935,High Value
17997,4.31748811353631,5.093750200806762,7.55394711106836,Regular
17391,5.10594547390058,0.6931471805599453,4.632396172241683,At Risk
14383,3.6635616461296463,4.0943445622221,7.129850280760371,Regular
13461,3.6888794541139363,3.332204510175204,7.27655640271871,Regular
17408,5.099866427824199,1.0986122886681098,3.5160130560907366,At Risk
15537,5.099866427824199,3.2188758248682006,4.717784330357226,At Risk
14327,5.099866427824199,2.5649493574615367,5.745084354013307,At Risk
17837,3.7612001156935624,5.093750200806762,7.340984699939525,Regular
12424,5.099866427824199,3.4011973816621555,7.383567008510849,Regular
15578,5.093750200806762,2.6390573296152584,4.852811208902689,At Risk
15584,3.2188758248682006,4.812184355372417,6.581831214273488,Regular
13745,5.093750200806762,3.258096538021482,5.707243146285182,At Risk
16498,5.087596335232384,2.772588722239781,4.624678652376135,At Risk
17891,5.093750200806762,3.5553480614894135,5.3223268190083886,At Risk
17123,5.093750200806762,2.302585092994046,5.847305451408376,At Risk
16866,4.955827057601261,2.4849066497880004,5.341089458391906,At Risk
13730,4.919980925828125,3.784189633918261,6.624861723262153,Regular
16589,4.276666119016055,3.5263605246161616,6.131748092555038,Regular
12922,5.087596335232384,3.367295829986474,6.007288682454868,At Risk
16009,3.1354942159291497,4.418840607796598,6.880497128211273,Regular
14053,4.8283137373023015,1.6094379124341003,5.565477803279021,At Risk
17939,5.081404364984463,2.5649493574615367,4.606569206901798,At Risk
17312,4.941642422609304,2.70805020110221,6.469715324941794,At Risk
13833,5.075173815233827,3.367295829986474,5.9528536479803265,At Risk
17899,5.075173815233827,3.4657359027997265,5.046967223343646,At Risk
15007,5.075173815233827,2.5649493574615367,5.062025250478552,At Risk
17464,5.0689042022202315,2.1972245773362196,5.518255786913298,At Risk
18265,4.290459441148391,3.8501476017100584,6.687744315985722,Regular
16861,4.110873864173311,1.9459101490553132,5.163413604083235,At Risk
16344,5.0689042022202315,1.0986122886681098,4.625952725170619,At Risk
13338,5.0689042022202315,2.995732273553991,6.190356388619899,At Risk
17024,3.828641396489095,1.3862943611198906,4.573163389853005,At Risk
13414,4.90527477843843,3.1354942159291497,6.3447587828872365,At Risk
14034,3.1354942159291497,4.465908118654584,6.476803117799309,Regular
18203,5.062595033026967,2.995732273553991,5.084009663896226,At Risk
16616,2.772588722239781,3.5263605246161616,6.2174440732414,Regular
16338,5.062595033026967,2.4849066497880004,5.374352052824034,At Risk
17046,5.062595033026967,3.1354942159291497,6.466175827952961,At Risk
13109,4.110873864173311,3.871201010907891,6.668914163060628,Regular
16829,5.062595033026967,2.4849066497880004,5.289377524978562,At Risk
13217,4.812184355372417,1.6094379124341003,6.282229363019668,At Risk
14002,4.90527477843843,3.871201010907891,6.274253417348632,Regular
12977,5.056245805348308,2.302585092994046,3.6948615257914836,At Risk
13291,5.056245805348308,3.7612001156935624,5.8919480330707374,At Risk
13583,5.056245805348308,3.9889840465642745,6.661893102980819,Regular
16929,1.6094379124341003,4.356708826689592,7.167338757569021,High Value
17892,4.04305126783455,3.367295829986474,5.501666290534067,At Risk
15505,3.9889840465642745,4.584967478670572,8.192005840278435,Regular
14459,5.049856007249537,3.6375861597263857,7.516933721754878,Regular
18013,5.049856007249537,3.4657359027997265,5.237983327508337,At Risk
13681,2.9444389791664403,4.060443010546419,6.720015067761323,Regular
13699,5.049856007249537,2.70805020110221,5.735216540145732,At Risk
14493,2.0794415416798357,4.795790545596741,7.7766356942591806,High Value
13486,4.3694478524670215,4.248495242049359,7.024123981607583,Regular
13302,5.049856007249537,0.6931471805599453,4.1705337005796475,At Risk
16012,3.58351893845611,4.553876891600541,7.255796055544432,Regular
12635,4.51085950651685,4.624972813284271,7.432590311121191,Regular
17031,2.5649493574615367,3.1354942159291497,5.943717588610248,Regular
12461,4.553876891600541,3.58351893845611,6.718868216346018,Regular
12648,5.049856007249537,3.091042453358316,5.765347830314356,At Risk
18121,5.0106352940962555,3.4657359027997265,6.483565961875693,Regular
15901,2.8903717578961645,4.718498871295094,5.86570289174782,Regular
14918,4.762173934797756,3.828641396489095,7.384703488712166,Regular
15920,5.043425116919247,4.110873864173311,5.126935749792416,At Risk
18024,5.0369526024136295,3.091042453358316,5.968144741786365,At Risk
15467,2.302585092994046,3.970291913552122,6.265073049828404,Regular
16174,4.844187086458591,3.091042453358316,6.315267581521369,At Risk
13678,5.030437921392435,2.772588722239781,5.3767587928545995,At Risk
14690,3.8066624897703196,3.8918202981106265,5.875071170428134,Regular
13058,3.258096538021482,2.1972245773362196,5.607271574275358,At Risk
14552,5.030437921392435,4.060443010546419,5.10727791913436,At Risk
12556,3.9318256327243257,4.787491742782046,6.397862553264747,Regular
13224,4.110873864173311,4.68213122712422,7.65029720282149,Regular
16989,2.0794415416798357,2.0794415416798357,6.223072176834322,Regular
12358,1.0986122886681098,2.995732273553991,7.063955286074528,Regular
13207,2.772588722239781,2.1972245773362196,5.526488259576272,At Risk
18122,2.1972245773362196,5.8805329864007,7.492236486875529,High Value
12722,4.454347296253507,3.9889840465642745,6.906384339674138,Regular
17268,5.017279836814924,1.0986122886681098,3.58351893845611,At Risk
17405,0.6931471805599453,4.418840607796598,6.9396511539657,High Value
13311,1.6094379124341003,3.295836866004329,6.396212731621162,Regular
15051,3.1780538303479458,4.955827057601261,7.169011237197395,Regular
15895,5.017279836814924,2.4849066497880004,5.1939008496276085,At Risk
15795,5.017279836814924,3.7612001156935624,6.415113325649775,Regular
13669,3.9512437185814275,2.302585092994046,5.391579997007726,At Risk
16450,5.017279836814924,2.4849066497880004,5.74594756681688,At Risk
13667,5.0106352940962555,4.430816798843313,5.703949127435522,Regular
14400,5.0106352940962555,3.258096538021482,6.355586691681764,At Risk
12405,5.0106352940962555,4.007333185232471,7.445061184797548,Regular
14265,4.700480365792417,3.4657359027997265,6.275100946851013,Regular
14847,5.0106352940962555,2.6390573296152584,5.737861788309064,At Risk
14862,3.295836866004329,3.8918202981106265,6.736017515727827,Regular
16488,3.5263605246161616,3.367295829986474,6.198072129782092,Regular
15256,5.0106352940962555,1.9459101490553132,4.599655005299981,At Risk
14716,3.784189633918261,3.9512437185814275,5.73175425773095,Regular
13933,4.700480365792417,3.1780538303479458,6.413114635600407,Regular
14857,4.110873864173311,4.110873864173311,7.068274209815247,Regular
15306,4.174387269895637,4.07753744390572,7.069321254563527,Regular
15839,3.5263605246161616,4.143134726391533,6.9560596108684605,Regular
13994,1.6094379124341003,5.003946305945459,7.729796867953175,High Value
17554,0.6931471805599453,4.454347296253507,7.46991069646957,High Value
14332,3.1780538303479458,3.258096538021482,6.734841331537249,Regular
17266,1.0986122886681098,4.30406509320417,5.695683096399551,Regular
15004,4.997212273764115,5.043425116919247,7.108055905977399,Regular
14722,4.997212273764115,3.367295829986474,5.200814785186798,At Risk
13507,1.3862943611198906,5.093750200806762,7.816078353206984,High Value
13967,4.990432586778736,1.0986122886681098,4.403054001865957,At Risk
16054,4.983606621708336,4.2626798770413155,6.665556321132768,Regular
12833,4.983606621708336,3.2188758248682006,6.0363901104609745,At Risk
16474,2.0794415416798357,5.823045895483019,7.5019933112128685,High Value
17984,4.983606621708336,3.8918202981106265,5.034872518460301,At Risk
12589,3.4011973816621555,3.58351893845611,6.473396747218991,Regular
16762,3.044522437723423,4.1588830833596715,7.096920034258086,Regular
13940,2.8903717578961645,3.912023005428146,6.73356854461668,Regular
14029,4.1588830833596715,2.772588722239781,6.149877558850261,At Risk
14117,4.976733742420574,1.3862943611198906,4.51085950651685,At Risk
13167,2.995732273553991,4.174387269895637,6.620832917876598,Regular
17779,3.091042453358316,4.406719247264253,6.479001072896019,Regular
13991,2.5649493574615367,4.418840607796598,6.749790668692898,Regular
18101,2.4849066497880004,3.713572066704308,5.4089638866351,Regular
13827,4.07753744390572,4.532599493153256,6.018106478054404,Regular
12560,1.791759469228055,4.663439094112067,7.666226609492505,High Value
16764,1.6094379124341003,6.55250788703459,7.934495555412452,High Value
18180,1.791759469228055,4.787491742782046,7.520099045938476,High Value
12521,4.969813299576001,3.6635616461296463,6.39806234681208,Regular
17866,4.969813299576001,2.302585092994046,5.801060414120672,At Risk
15802,4.969813299576001,0.6931471805599453,6.11461095192969,At Risk
17229,4.574710978503383,3.871201010907891,5.767570714403068,Regular
14456,1.791759469228055,6.854354502255021,8.012442411697599,High Value
16464,3.044522437723423,5.442417710521793,7.169857970780942,High Value
17962,4.962844630259907,3.5553480614894135,4.638701669196884,At Risk
16149,1.791759469228055,2.9444389791664403,5.640203493013329,Regular
18143,4.770684624465665,4.127134385045092,6.908914606701983,Regular
14259,4.962844630259907,1.791759469228055,4.795790545596741,At Risk
17935,4.9344739331306915,3.4011973816621555,4.989002993969142,At Risk
14517,3.5263605246161616,2.9444389791664403,5.8034769686874,At Risk
17694,4.962844630259907,2.772588722239781,5.649396684129609,At Risk
17660,4.955827057601261,3.6635616461296463,5.191566996601156,At Risk
14866,2.4849066497880004,4.394449154672439,9.149419831380104,High Value
16041,4.955827057601261,1.3862943611198906,7.305188215393037,At Risk
15623,4.955827057601261,2.995732273553991,5.7105263501895465,At Risk
15829,4.605170185988092,3.9512437185814275,6.456989411643809,Regular
15232,4.736198448394496,3.4657359027997265,6.418462810428566,Regular
12438,2.70805020110221,4.59511985013459,7.9751692554798295,High Value
12627,2.4849066497880004,5.438079308923196,8.40548591092173,High Value
13079,1.6094379124341003,1.9459101490553132,5.3986150878634005,At Risk
18262,4.948759890378168,2.6390573296152584,5.013830184992774,At Risk
13563,4.442651256490317,3.912023005428146,6.657407526177046,Regular
15506,3.1780538303479458,5.087596335232384,6.880466298744467,Regular
16305,4.941642422609304,3.1354942159291497,5.8922517620363895,At Risk
12864,4.9344739331306915,1.0986122886681098,3.353406717825807,At Risk
17724,4.276666119016055,3.713572066704308,6.9411900550683745,Regular
17703,3.58351893845611,4.02535169073515,6.684286674843982,Regular
13116,4.9344739331306915,3.4339872044851463,6.218878965272838,At Risk
14019,3.871201010907891,4.189654742026425,7.223127904730334,Regular
17649,4.9344739331306915,3.970291913552122,6.767906832865638,Regular
16178,4.9344739331306915,2.1972245773362196,5.292802185859927,At Risk
17040,4.9344739331306915,2.772588722239781,6.110868490605405,At Risk
14100,4.9344739331306915,3.258096538021482,5.262431087983628,At Risk
16557,3.2188758248682006,2.4849066497880004,5.644916721789165,At Risk
13296,4.927253685157205,1.791759469228055,4.481871969643598,At Risk
13814,4.532599493153256,4.060443010546419,7.365256072504094,Regular
16364,2.5649493574615367,3.970291913552122,6.560733592071543,Regular
17693,4.927253685157205,2.833213344056216,5.305640486927818,At Risk
15372,4.927253685157205,3.091042453358316,7.31263354826741,Regular
15618,3.5263605246161616,3.828641396489095,6.656534989127213,Regular
13930,4.07753744390572,2.8903717578961645,5.824051307047146,At Risk
13379,3.295836866004329,4.584967478670572,6.351862551846838,Regular
13194,4.919980925828125,1.3862943611198906,4.122283930911342,At Risk
16447,4.919980925828125,3.5553480614894135,5.548725829010259,At Risk
14305,4.276666119016055,4.663439094112067,7.528310261099659,Regular
12397,3.6109179126442243,4.844187086458591,7.7877554007552545,High Value
14331,4.8283137373023015,3.367295829986474,6.139151525006747,At Risk
15261,4.912654885736052,2.995732273553991,5.544474072171247,At Risk
17870,1.0986122886681098,5.598421958998375,7.339855826616757,High Value
15105,2.9444389791664403,4.624972813284271,7.740633966671485,High Value
13813,3.713572066704308,4.248495242049359,7.221002753764198,Regular
14855,4.787491742782046,3.044522437723423,6.471805189861254,At Risk
13925,4.543294782270004,3.7376696182833684,6.520989248306457,Regular
18237,1.3862943611198906,4.127134385045092,6.895783907200917,High Value
12453,4.90527477843843,3.784189633918261,6.562571204258897,Regular
15639,4.90527477843843,3.258096538021482,6.055190237988527,At Risk
15746,4.90527477843843,3.367295829986474,5.287660786359508,At Risk
12743,4.90527477843843,4.882801922586371,6.293659545728696,Regular
18268,4.90527477843843,0.6931471805599453,3.2771447329921766,At Risk
15942,4.90527477843843,2.70805020110221,5.8243468240563,At Risk
15120,4.90527477843843,3.091042453358316,5.885603906408473,At Risk
14143,4.90527477843843,2.0794415416798357,4.760463070394127,At Risk
16147,4.90527477843843,3.1354942159291497,5.929589143389895,At Risk
18127,2.995732273553991,3.8501476017100584,5.852432338412425,Regular
13277,2.833213344056216,2.1972245773362196,5.5583712718823435,At Risk
15149,4.90527477843843,3.1780538303479458,6.257284372702628,At Risk
18081,3.6109179126442243,2.8903717578961645,5.841948942039205,At Risk
14511,2.4849066497880004,4.23410650459726,7.182207724562218,Regular
12716,1.6094379124341003,4.248495242049359,6.960812516706486,High Value
15776,4.897839799950911,2.9444389791664403,5.491496433342773,At Risk
12981,3.4339872044851463,3.044522437723423,5.922168058105326,Regular
13106,4.897839799950911,0.6931471805599453,4.350277936359301,At Risk
13928,2.4849066497880004,3.332204510175204,6.143262461351643,Regular
14885,4.890349128221754,2.772588722239781,6.6415998370746365,At Risk
17388,4.3694478524670215,2.5649493574615367,5.257911951912998,At Risk
13388,4.882801922586371,3.58351893845611,6.519294769689797,Regular
15438,4.882801922586371,3.258096538021482,5.059933265817542,At Risk
17173,1.791759469228055,4.465908118654584,8.234193472948663,High Value
17941,4.882801922586371,0.6931471805599453,4.94306997460049,At Risk
14947,4.290459441148391,2.70805020110221,5.676137173835876,At Risk
17053,4.882801922586371,2.6390573296152584,6.213567557246944,At Risk
12534,4.882801922586371,4.1588830833596715,6.9940980992041535,Regular
12844,3.4011973816621555,3.970291913552122,5.789837839256022,Regular
14567,4.060443010546419,3.5263605246161616,7.3339115084475965,Regular
14937,4.060443010546419,3.5553480614894135,7.3919576276276855,Regular
12828,1.3862943611198906,4.04305126783455,6.927273552128017,High Value
16984,4.48863636973214,5.993961427306569,8.40302063014605,High Value
13023,4.174387269895637,3.713572066704308,6.537995095494749,Regular
17553,4.875197323201151,0.6931471805599453,5.474788509663815,At Risk
15342,4.875197323201151,3.2188758248682006,6.0090342912180414,At Risk
13075,4.875197323201151,3.1354942159291497,6.825036493805135,Regular
12644,4.875197323201151,3.4657359027997265,6.171512688316606,At Risk
12378,4.875197323201151,5.389071729816501,8.28125311267141,Regular
17788,4.31748811353631,1.791759469228055,7.020101338813675,At Risk
13850,4.867534450455582,4.543294782270004,7.375556484672672,Regular
14076,4.867534450455582,3.8066624897703196,4.784737954585425,At Risk
13805,3.970291913552122,1.9459101490553132,6.335054251498059,At Risk
17887,4.867534450455582,2.3978952727983707,4.721618998631338,At Risk
13186,3.713572066704308,4.382026634673881,7.363209831835215,Regular
12750,4.867534450455582,2.772588722239781,5.623584199327089,At Risk
15374,4.867534450455582,1.3862943611198906,5.1298987149230735,At Risk
17656,4.30406509320417,4.418840607796598,7.4239802997335635,Regular
16102,3.7612001156935624,4.060443010546419,7.519225917888408,Regular
15089,2.3978952727983707,4.983606621708336,7.7922828608243835,High Value
14972,4.859812404361672,2.9444389791664403,4.751605464217637,At Risk
17514,4.859812404361672,3.713572066704308,5.345439473616771,At Risk
12917,4.859812404361672,1.0986122886681098,6.38856140554563,At Risk
12689,3.295836866004329,4.290459441148391,7.1297862115656185,Regular
14768,2.8903717578961645,1.791759469228055,5.265794174842477,At Risk
17584,2.0794415416798357,3.58351893845611,7.125524413958892,Regular
15254,4.852030263919617,2.9444389791664403,5.708305563383786,At Risk
18099,4.852030263919617,2.995732273553991,5.131731354140141,At Risk
15205,4.454347296253507,3.6375861597263857,6.483474256616332,Regular
13218,4.852030263919617,1.791759469228055,4.153242203469586,At Risk
17267,4.852030263919617,3.6375861597263857,5.762680115903686,At Risk
16302,4.852030263919617,2.4849066497880004,5.4562608446139915,At Risk
13513,4.852030263919617,2.3978952727983707,5.328361487896413,At Risk
14720,1.9459101490553132,3.6375861597263857,6.499501285546037,Regular
18282,2.1972245773362196,2.5649493574615367,5.187665096444442,At Risk
12610,3.1780538303479458,4.672828834461906,7.6499497335130995,High Value
13200,2.995732273553991,3.8501476017100584,6.769745301020691,Regular
14079,4.836281906951478,2.5649493574615367,5.929855065476291,At Risk
17298,4.624972813284271,3.4339872044851463,6.21344742510144,Regular
14024,4.812184355372417,2.833213344056216,5.795145480670174,At Risk
16066,2.8903717578961645,4.61512051684126,7.257256553572726,High Value
15198,4.532599493153256,2.3978952727983707,5.2711516984752675,At Risk
12865,3.295836866004329,4.564348191467836,7.358340332174572,Regular
12885,4.1588830833596715,4.276666119016055,7.0700611857921905,Regular
17331,4.8283137373023015,0.6931471805599453,5.171619713502079,At Risk
13016,4.30406509320417,3.871201010907891,6.673158893621945,Regular
13500,3.1780538303479458,4.189654742026425,7.062851226189096,Regular
15247,4.812184355372417,1.9459101490553132,5.877735781779639,At Risk
13355,4.812184355372417,3.4965075614664802,6.515749190558129,Regular
16053,3.5263605246161616,4.430816798843313,7.283001700506301,Regular
13919,4.0943445622221,3.367295829986474,5.955345020301596,Regular
12384,3.4011973816621555,3.332204510175204,6.373780434317173,Regular
16292,4.812184355372417,2.8903717578961645,5.7145575478241595,At Risk
12571,3.713572066704308,3.5553480614894135,6.255001200981438,Regular
14116,3.044522437723423,4.290459441148391,7.2325452572578,Regular
14495,3.9512437185814275,1.9459101490553132,4.826712455935327,At Risk
15494,3.091042453358316,4.812184355372417,7.155848970699195,Regular
15608,3.367295829986474,4.110873864173311,6.998217362097996,Regular
17248,4.795790545596741,4.248495242049359,5.767226647212736,Regular
17653,3.6375861597263857,3.6888794541139363,6.623161765351705,Regular
17633,3.4657359027997265,4.2626798770413155,7.189801499815289,Regular
13645,4.795790545596741,1.791759469228055,5.533784667551078,At Risk
15469,3.9318256327243257,3.2188758248682006,6.290735458809743,Regular
13307,4.795790545596741,0.6931471805599453,2.772588722239781,At Risk
12381,1.791759469228055,4.477336814478207,7.520944331624911,High Value
17122,4.787491742782046,2.0794415416798357,4.9367734454978,At Risk
14406,4.787491742782046,2.1972245773362196,5.061011501421323,At Risk
15683,4.770684624465665,2.3978952727983707,5.271716684750857,At Risk
14301,4.770684624465665,2.5649493574615367,6.356697764328268,At Risk
14658,1.791759469228055,3.4011973816621555,5.51403340203345,Regular
13621,4.770684624465665,2.995732273553991,5.3699401102210045,At Risk
16272,4.770684624465665,3.258096538021482,6.022720936758536,At Risk
17958,4.770684624465665,2.0794415416798357,6.233351341239327,At Risk
16836,3.713572066704308,2.4849066497880004,5.5328755226775,At Risk
16961,4.762173934797756,2.70805020110221,5.46030865686874,At Risk
16902,4.762173934797756,3.8066624897703196,7.443008114269093,Regular
15706,4.174387269895637,4.02535169073515,6.967494803332995,Regular
15480,4.762173934797756,3.828641396489095,6.809591030194905,Regular
15315,4.174387269895637,3.6375861597263857,6.348264483234865,Regular
15653,4.762173934797756,1.6094379124341003,3.8918202981106265,At Risk
13953,2.0794415416798357,2.6390573296152584,5.5860494377498595,Regular
13159,2.302585092994046,4.795790545596741,7.26567444855103,High Value
13189,2.995732273553991,3.4011973816621555,5.567122383230129,Regular
17637,3.4657359027997265,3.58351893845611,6.3063847700056215,Regular
12641,4.7535901911063645,2.3978952727983707,5.230573714461517,At Risk
13470,4.605170185988092,2.3978952727983707,5.111987788356544,At Risk
15786,3.8501476017100584,5.58724865840025,8.501063809486354,High Value
15541,4.74493212836325,3.4011973816621555,4.455857782801083,At Risk
16734,3.970291913552122,3.970291913552122,6.473520257377859,Regular
16706,3.6375861597263857,4.820281565605037,6.277301167760616,Regular
17070,4.74493212836325,4.143134726391533,5.721098352421432,Regular
12688,4.74493212836325,5.147494476813453,8.491836408313453,High Value
12729,4.74493212836325,3.295836866004329,6.118119224230488,At Risk
12962,2.0794415416798357,2.833213344056216,5.588708266810736,Regular
13273,4.736198448394496,2.833213344056216,4.941499555261394,At Risk
17736,2.302585092994046,3.258096538021482,5.936057539836243,Regular
15472,4.736198448394496,4.343805421853684,5.920398098674122,Regular
12680,0.6931471805599453,3.9889840465642745,6.781976613299544,High Value
16582,4.736198448394496,1.9459101490553132,5.751365561394358,At Risk
17747,4.736198448394496,0.6931471805599453,4.282206299391671,At Risk
12513,4.736198448394496,3.58351893845611,6.418837907265026,Regular
15396,4.736198448394496,2.70805020110221,5.66704933159998,At Risk
12418,4.736198448394496,3.5553480614894135,6.506650650150935,Regular
16828,4.543294782270004,2.1972245773362196,4.863680881139593,At Risk
14712,3.4011973816621555,3.258096538021482,6.822273640436711,Regular
12991,3.1780538303479458,3.4657359027997265,6.22408306878471,Regular
14772,4.727387818712341,2.302585092994046,4.943497843108764,At Risk
12364,2.1972245773362196,4.442651256490317,7.130338673437784,High Value
12968,4.727387818712341,1.791759469228055,4.919615895709087,At Risk
16330,2.9444389791664403,3.6888794541139363,5.533033694214862,Regular
15701,1.0986122886681098,5.442417710521793,7.333023014386481,High Value
12518,0.6931471805599453,4.8283137373023015,7.629436465014086,High Value
14529,4.110873864173311,5.365976015021851,6.362355463575814,Regular
16536,4.709530201312334,4.007333185232471,6.308316996859543,Regular
15313,4.709530201312334,0.6931471805599453,3.970291913552122,At Risk
15801,3.8501476017100584,4.174387269895637,6.97068312868461,Regular
16201,1.3862943611198906,4.718498871295094,7.530732109384843,High Value
16555,3.58351893845611,2.8903717578961645,5.659098867029561,At Risk
16952,4.700480365792417,2.833213344056216,5.127588355789889,At Risk
14387,3.5263605246161616,4.941642422609304,7.455067111318538,Regular
17073,2.9444389791664403,5.1647859739235145,7.277309922347601,High Value
18147,3.8501476017100584,2.0794415416798357,5.19484395807176,At Risk
14523,4.6913478822291435,2.5649493574615367,5.489309557845162,At Risk
14418,1.6094379124341003,4.8283137373023015,7.569540783099068,High Value
12642,3.258096538021482,3.871201010907891,6.9219145615400475,Regular
16968,1.6094379124341003,3.4657359027997265,6.087751522419478,Regular
16723,4.5217885770490405,3.7612001156935624,6.358535267228834,Regular
13411,4.68213122712422,2.9444389791664403,5.368542811437534,At Risk
16340,4.68213122712422,4.955827057601261,6.28284601833824,Regular
13236,3.258096538021482,3.6109179126442243,6.614524507599939,Regular
14196,4.68213122712422,1.9459101490553132,5.818657582682612,At Risk
15263,4.68213122712422,2.5649493574615367,5.059488948313644,At Risk
14314,4.68213122712422,2.1972245773362196,4.795790545596741,At Risk
16093,4.68213122712422,0.6931471805599453,2.8903717578961645,At Risk
17844,4.68213122712422,1.791759469228055,3.961955374176355,At Risk
14687,4.68213122712422,2.70805020110221,6.310245497411752,At Risk
14050,3.4965075614664802,4.007333185232471,6.616546996753798,Regular
16429,4.672828834461906,1.0986122886681098,5.654417145110872,At Risk
14055,4.672828834461906,2.3978952727983707,6.588431169193958,At Risk
12715,4.672828834461906,3.044522437723423,5.841687621789754,At Risk
15663,4.672828834461906,2.302585092994046,4.935480620495495,At Risk
18200,4.672828834461906,3.4339872044851463,5.019595035467727,At Risk
18167,3.1780538303479458,3.6375861597263857,7.234076164546974,Regular
13644,2.833213344056216,4.990432586778736,7.87293521773988,High Value
17451,0.6931471805599453,4.61512051684126,7.451473946050153,High Value
16641,4.672828834461906,2.5649493574615367,5.447168313280391,At Risk
13812,3.7612001156935624,3.6109179126442243,6.29156913955832,Regular
14141,1.3862943611198906,3.713572066704308,6.820158276001622,High Value
15074,4.663439094112067,3.7376696182833684,6.60214003072033,Regular
12492,4.1588830833596715,3.044522437723423,5.5767442414854775,At Risk
17183,2.1972245773362196,4.30406509320417,8.116211019915529,High Value
15325,4.653960350157523,3.8918202981106265,5.092153835268511,At Risk
13778,4.6443908991413725,2.302585092994046,5.191288793789513,At Risk
14869,2.302585092994046,4.2626798770413155,6.5826482134396205,Regular
14096,1.6094379124341003,8.53934599605737,11.084689916963537,High Value
14108,3.4657359027997265,3.5553480614894135,6.395111336409363,Regular
12814,4.634728988229636,1.0986122886681098,4.843556966714995,At Risk
15866,4.624972813284271,3.784189633918261,5.3607756003876466,At Risk
14660,4.477336814478207,3.4339872044851463,5.6585758818181215,At Risk
13726,3.6888794541139363,3.7612001156935624,6.985327244577022,Regular
15690,1.6094379124341003,2.995732273553991,5.48380058667957,Regular
17777,3.258096538021482,5.25227342804663,6.4747545206794515,Regular
16278,4.61512051684126,3.1780538303479458,6.34102927325157,At Risk
13276,4.174387269895637,3.4339872044851463,6.383388384649479,Regular
12436,4.61512051684126,2.833213344056216,6.234430333369278,At Risk
13147,2.3978952727983707,1.6094379124341003,6.57060281105606,Regular
13045,4.605170185988092,2.9444389791664403,5.724499716244923,At Risk
12739,4.3694478524670215,3.6635616461296463,6.921697631104842,Regular
14420,4.605170185988092,3.4011973816621555,5.962344648534129,At Risk
14436,4.605170185988092,2.302585092994046,4.500476114873425,At Risk
18027,4.605170185988092,3.091042453358316,4.7562590403509475,At Risk
12794,3.9889840465642745,3.828641396489095,6.758570581561217,Regular
12832,3.4965075614664802,3.332204510175204,5.950720674536128,Regular
16674,4.02535169073515,4.543294782270004,5.721098352421432,Regular
12375,2.4849066497880004,2.8903717578961645,6.127960291696519,Regular
18087,4.59511985013459,0.6931471805599453,6.749696974323862,At Risk
16173,2.833213344056216,4.442651256490317,7.257933162659462,Regular
14171,4.59511985013459,4.07753744390572,5.899321845543751,Regular
13434,4.31748811353631,2.3978952727983707,6.282715244436788,At Risk
16761,4.584967478670572,2.6390573296152584,5.760855699682501,At Risk
14067,4.174387269895637,3.970291913552122,5.928790952579924,Regular
13808,1.9459101490553132,4.343805421853684,7.466605059322925,High Value
15215,3.871201010907891,3.58351893845611,6.601148593666668,Regular
12851,4.584967478670572,3.871201010907891,4.8889195354121595,At Risk
14335,2.833213344056216,4.110873864173311,6.1221857448309915,Regular
14965,4.574710978503383,4.406719247264253,6.3920678557992385,Regular
15136,1.3862943611198906,4.23410650459726,7.160612960279738,High Value
16629,4.31748811353631,4.110873864173311,6.01525431323072,Regular
18261,3.784189633918261,3.091042453358316,5.784563371339637,At Risk
15307,4.574710978503383,2.5649493574615367,5.329331420077207,At Risk
16820,4.574710978503383,3.295836866004329,6.211824227045576,Regular
17309,4.564348191467836,2.5649493574615367,4.427836170705175,At Risk
13949,1.3862943611198906,5.081404364984463,7.794954939211736,High Value
14360,3.4965075614664802,4.770684624465665,7.658713715789601,High Value
16400,4.564348191467836,3.4011973816621555,5.720082242069654,At Risk
14208,4.564348191467836,2.3978952727983707,5.0287371294602385,At Risk
12526,0.6931471805599453,4.276666119016055,7.183612715167257,High Value
13130,4.553876891600541,1.0986122886681098,4.174387269895637,At Risk
13210,4.553876891600541,3.1354942159291497,5.8706519268912345,At Risk
17481,1.6094379124341003,4.418840607796598,7.136156981955326,High Value
12685,3.367295829986474,5.062595033026967,7.960002460651312,High Value
17573,3.4011973816621555,3.258096538021482,5.944372939574132,Regular
14452,2.4849066497880004,4.110873864173311,5.560873920219081,Regular
13889,4.543294782270004,2.772588722239781,6.03524216945387,At Risk
15488,4.543294782270004,1.0986122886681098,4.52526080275979,At Risk
18222,4.543294782270004,2.995732273553991,6.095824562432225,At Risk
13244,4.543294782270004,3.332204510175204,4.810068296960951,At Risk
17004,3.8501476017100584,3.7612001156935624,6.951714746482592,Regular
13441,4.532599493153256,2.6390573296152584,5.69588470252906,At Risk
13823,2.995732273553991,3.713572066704308,6.865536476045727,Regular
12879,3.828641396489095,2.3978952727983707,6.353012598149689,At Risk
16603,4.330733340286331,3.5553480614894135,6.180989265398516,Regular
14824,2.3978952727983707,3.4011973816621555,7.028830666672488,Regular
16910,1.6094379124341003,6.302618975744905,7.3198384393918765,High Value
15652,4.5217885770490405,3.091042453358316,5.825232851462975,At Risk
16362,3.4965075614664802,4.356708826689592,6.566658365006723,Regular
15035,4.51085950651685,3.332204510175204,5.536270709515726,At Risk
14508,3.1354942159291497,4.02535169073515,5.594897235935429,Regular
13272,3.4657359027997265,2.772588722239781,5.626037126031348,At Risk
17317,3.8501476017100584,2.0794415416798357,7.275587745616747,Regular
14212,4.51085950651685,1.9459101490553132,6.521798637262016,At Risk
13372,4.51085950651685,3.1780538303479458,5.939223435262291,At Risk
18255,4.499809670330265,1.9459101490553132,4.647271362006727,At Risk
14250,2.0794415416798357,4.718498871295094,7.552263533935522,High Value
16796,4.499809670330265,2.9444389791664403,5.725609195882308,At Risk
14432,2.3978952727983707,5.934894195619588,7.7184632482812265,High Value
15782,2.3978952727983707,3.7376696182833684,7.747691825545913,High Value
12883,3.258096538021482,3.7612001156935624,6.5574457470395595,Regular
12965,4.499809670330265,4.6913478822291435,6.647441909990047,Regular
15533,2.995732273553991,4.430816798843313,6.695267255355902,Regular
18215,4.499809670330265,2.6390573296152584,5.7049151662521345,At Risk
18158,2.302585092994046,3.5553480614894135,6.118977867406942,Regular
13375,4.499809670330265,3.6375861597263857,6.658845101030894,Regular
13431,4.219507705176107,3.8501476017100584,7.146850916510274,Regular
16211,4.499809670330265,3.1780538303479458,6.306311782632405,Regular
12884,4.48863636973214,2.0794415416798357,5.736733574795887,At Risk
16141,4.48863636973214,3.4339872044851463,6.431974996958947,Regular
17919,4.48863636973214,3.1780538303479458,7.173988970628047,Regular
16360,1.791759469228055,6.456769655572163,8.146538122184259,High Value
17433,4.48863636973214,4.007333185232471,5.717553878740119,Regular
13704,1.791759469228055,4.90527477843843,7.744595794291895,High Value
14020,2.8903717578961645,3.6888794541139363,6.467388118864708,Regular
14359,2.995732273553991,4.02535169073515,6.816933013408364,Regular
16451,4.48863636973214,2.70805020110221,5.590875033946567,At Risk
12940,4.02535169073515,4.574710978503383,6.803161136252212,Regular
15216,4.48863636973214,1.0986122886681098,4.580877493419047,At Risk
15522,3.5263605246161616,4.04305126783455,5.988936353919148,Regular
17037,4.48863636973214,4.330733340286331,7.145448469088846,Regular
12822,4.276666119016055,3.8501476017100584,6.856335660826602,Regular
15343,4.477336814478207,3.091042453358316,5.901266279189834,At Risk
14753,4.477336814478207,3.4339872044851463,6.335320173584455,Regular
18251,4.477336814478207,0.6931471805599453,5.726847747587197,At Risk
16959,4.477336814478207,2.0794415416798357,4.7736463359599925,At Risk
13032,3.970291913552122,4.276666119016055,6.918873244715984,Regular
12895,3.7612001156935624,3.1354942159291497,5.923720895021463,Regular
17640,4.477336814478207,1.791759469228055,6.434000623425246,At Risk
13860,0.6931471805599453,4.343805421853684,7.1284157500025405,High Value
12756,4.477336814478207,1.6094379124341003,4.72809553282539,At Risk
18001,2.5649493574615367,4.060443010546419,6.030997711443308,Regular
17728,1.6094379124341003,5.111987788356544,7.964506839388399,High Value
15933,3.091042453358316,4.31748811353631,7.010726943606016,Regular
14284,3.4657359027997265,3.4965075614664802,6.390660042202551,Regular
15103,3.4657359027997265,3.58351893845611,6.557289589092577,Regular
15707,3.58351893845611,5.327876168789581,6.822175603890787,Regular
13430,2.995732273553991,3.912023005428146,6.5227543440063265,Regular
12566,4.465908118654584,2.995732273553991,5.865476063654188,At Risk
13321,4.290459441148391,2.3978952727983707,5.818182014964697,At Risk
13877,4.465908118654584,1.3862943611198906,4.772716457199891,At Risk
15272,4.060443010546419,4.1588830833596715,6.58332623116324,Regular
15322,4.465908118654584,3.7612001156935624,6.523092298503236,Regular
17333,4.465908118654584,3.367295829986474,6.20506268557866,Regular
13518,4.465908118654584,3.6109179126442243,6.442794911088096,Regular
14306,3.9512437185814275,3.4657359027997265,7.542552748153611,Regular
17679,3.9889840465642745,3.4339872044851463,7.597451511865824,Regular
16160,4.189654742026425,2.9444389791664403,6.598454531216753,Regular
15573,3.4965075614664802,4.584967478670572,6.383827529337818,Regular
14894,4.454347296253507,3.1780538303479458,6.4873034285656495,Regular
17434,1.0986122886681098,4.90527477843843,7.77267692412289,High Value
15466,4.454347296253507,4.060443010546419,5.815711371192059,Regular
15511,2.5649493574615367,5.0689042022202315,6.804093319959892,High Value
17846,4.454347296253507,0.6931471805599453,7.617808739608441,At Risk
16189,2.833213344056216,2.4849066497880004,5.3774981644224775,At Risk
15417,4.454347296253507,3.367295829986474,6.234018491942015,Regular
12995,4.454347296253507,1.3862943611198906,5.358094570583897,At Risk
14557,4.454347296253507,2.833213344056216,6.671247827209794,Regular
16108,4.454347296253507,3.8918202981106265,6.737559901986023,Regular
17144,0.6931471805599453,3.871201010907891,6.81736000123475,High Value
16924,3.091042453358316,4.406719247264253,6.722497415455896,Regular
15099,4.442651256490317,3.1780538303479458,6.019760416262829,At Risk
13323,1.3862943611198906,3.091042453358316,6.670576188703463,Regular
14124,4.442651256490317,1.0986122886681098,4.779795536147575,At Risk
15975,4.442651256490317,3.2188758248682006,5.91892073563227,At Risk
15523,4.442651256490317,2.3978952727983707,6.023471805742962,At Risk
16878,4.442651256490317,1.3862943611198906,2.6602595372658615,At Risk
15947,4.430816798843313,3.4011973816621555,7.443804106257556,Regular
13247,2.9444389791664403,3.258096538021482,6.218839134950008,Regular
13566,3.7376696182833684,5.135798437050262,6.75441760191189,Regular
18194,4.418840607796598,1.791759469228055,6.571163035160348,At Risk
16689,4.343805421853684,2.5649493574615367,5.918248484776723,At Risk
16438,1.9459101490553132,4.890349128221754,6.683798897410901,High Value
13067,4.418840607796598,2.772588722239781,4.757547866408974,At Risk
16460,3.367295829986474,4.890349128221754,6.699783551285148,Regular
13325,4.418840607796598,2.5649493574615367,6.516636764580894,At Risk
12640,3.2188758248682006,3.9889840465642745,7.06951692181073,Regular
13774,4.418840607796598,3.1354942159291497,5.846438775057725,At Risk
12497,4.418840607796598,2.302585092994046,6.661343100728573,At Risk
12752,4.406719247264253,3.9889840465642745,8.38201014985595,Regular
15504,4.406719247264253,2.6390573296152584,3.985830932572866,At Risk
15500,2.1972245773362196,4.23410650459726,7.032235836086242,High Value
17557,2.70805020110221,3.5553480614894135,6.29611434997733,Regular
13228,4.406719247264253,1.0986122886681098,5.883322388488279,At Risk
14356,4.394449154672439,3.5263605246161616,6.5542609856927125,Regular
13416,3.8066624897703196,2.995732273553991,6.570182436916891,Regular
17628,4.406719247264253,1.791759469228055,4.340553386467307,At Risk
16527,4.406719247264253,2.70805020110221,5.43398397796957,At Risk
15341,4.406719247264253,2.8903717578961645,7.611604982675218,Regular
16215,4.406719247264253,2.70805020110221,5.494500736279464,At Risk
14164,4.406719247264253,3.367295829986474,7.150521049163042,Regular
15888,4.406719247264253,2.5649493574615367,5.131731354140141,At Risk
17564,3.2188758248682006,3.912023005428146,6.120319396731415,Regular
13356,4.394449154672439,3.7612001156935624,6.645403014442647,Regular
12390,4.394449154672439,3.4965075614664802,6.311444385858925,Regular
18228,4.060443010546419,3.4339872044851463,6.660447100668629,Regular
17415,4.394449154672439,2.70805020110221,6.23213362528801,At Risk
13350,2.833213344056216,3.713572066704308,6.887675013147945,Regular
12550,4.382026634673881,4.060443010546419,6.872987835288763,Regular
16627,4.382026634673881,3.044522437723423,5.780126041243535,At Risk
17475,4.382026634673881,2.70805020110221,5.274895196603544,At Risk
14951,4.382026634673881,3.044522437723423,5.745212284419341,At Risk
14780,4.02535169073515,3.332204510175204,6.106309938777023,Regular
14887,4.382026634673881,0.6931471805599453,4.290459441148391,At Risk
15399,0.6931471805599453,3.9318256327243257,6.705357537478585,High Value
17466,2.3978952727983707,3.7376696182833684,6.638934214171274,Regular
16379,1.6094379124341003,4.6913478822291435,7.677122485453491,High Value
17172,4.382026634673881,2.772588722239781,5.764438468529548,At Risk
15239,2.3978952727983707,3.912023005428146,6.661330306378558,Regular
16213,4.382026634673881,1.9459101490553132,5.075173815233827,At Risk
15603,4.382026634673881,1.0986122886681098,3.901568547524287,At Risk
14261,3.9512437185814275,3.970291913552122,7.060004151519799,Regular
12657,2.4849066497880004,3.828641396489095,7.268348536294764,Regular
15571,2.5649493574615367,4.060443010546419,6.47916994643317,Regular
15484,0.6931471805599453,5.225746673713202,8.153421697857201,High Value
12936,2.8903717578961645,4.143134726391533,6.970636177021338,Regular
16236,4.3694478524670215,3.044522437723423,6.071199515126835,At Risk
16669,3.2188758248682006,5.056245805348308,7.207770978592735,High Value
17603,4.3694478524670215,2.4849066497880004,5.980706890455022,At Risk
15398,2.833213344056216,4.30406509320417,7.205286191988605,Regular
12906,2.5649493574615367,4.143134726391533,7.932049829907519,High Value
17079,4.3694478524670215,1.0986122886681098,4.785823685681349,At Risk
14125,2.4849066497880004,5.117993812416755,7.908986244508535,High Value
17163,3.1354942159291497,1.791759469228055,5.68391984555995,At Risk
12952,1.9459101490553132,4.382026634673881,7.236188143419333,High Value
12579,4.3694478524670215,3.4011973816621555,6.0899968031722285,Regular
13279,4.3694478524670215,2.302585092994046,4.932673752626544,At Risk
12425,4.3694478524670215,3.6109179126442243,6.6569835605504535,Regular
16715,4.3694478524670215,2.9444389791664403,5.409500895508652,At Risk
13519,4.3694478524670215,2.1972245773362196,4.8182634014487995,At Risk
12546,3.871201010907891,4.248495242049359,7.058328137461511,Regular
15744,4.3694478524670215,1.3862943611198906,3.5779478934066544,At Risk
13127,4.3694478524670215,2.772588722239781,5.561335263505108,At Risk
15714,2.5649493574615367,3.5553480614894135,5.802209005711098,Regular
17480,4.3694478524670215,3.4011973816621555,6.239924906405982,Regular
15763,3.4965075614664802,4.127134385045092,6.992022895300703,Regular
15075,4.3694478524670215,3.332204510175204,6.651610632528512,Regular
16978,4.3694478524670215,3.6888794541139363,5.84450048159508,Regular
14014,4.356708826689592,3.6888794541139363,6.226892337255411,Regular
16240,3.2188758248682006,4.912654885736052,8.221425182381026,High Value
13336,4.356708826689592,3.9512437185814275,6.679749928251019,Regular
14652,4.356708826689592,3.4011973816621555,4.7464961220785264,At Risk
15807,3.9318256327243257,3.8918202981106265,6.807824440357088,Regular
15762,4.189654742026425,3.6375861597263857,6.371184405464288,Regular
15475,4.356708826689592,3.4011973816621555,6.120539147973894,Regular
15978,4.356708826689592,3.912023005428146,7.002865438783795,Regular
16485,4.356708826689592,3.7612001156935624,5.898937989430242,Regular
12488,2.3978952727983707,4.02535169073515,7.169857970780942,Regular
13083,1.6094379124341003,2.9444389791664403,5.719491768361381,Regular
16169,2.1972245773362196,4.454347296253507,7.5087707231305965,High Value
17506,4.343805421853684,2.70805020110221,5.714392653768217,At Risk
16480,4.343805421853684,3.9889840465642745,6.646767067319571,Regular
17006,1.791759469228055,3.8066624897703196,6.6628516858853635,Regular
17498,4.343805421853684,2.8903717578961645,5.610277331459341,At Risk
17131,1.791759469228055,4.90527477843843,7.8096103157799615,High Value
13536,0.6931471805599453,5.187385805840755,8.144792384587438,High Value
17154,4.330733340286331,3.1780538303479458,5.800122427092944,At Risk
15429,3.332204510175204,4.418840607796598,5.987331015826375,Regular
16594,4.330733340286331,3.9889840465642745,5.204501070343752,At Risk
16049,3.713572066704308,5.703782474656201,6.980829145204009,High Value
14757,4.330733340286331,2.995732273553991,6.04381977744191,At Risk
16198,4.330733340286331,2.772588722239781,5.995658241267266,At Risk
13670,4.330733340286331,3.258096538021482,5.859931157146132,At Risk
18066,4.330733340286331,2.3978952727983707,5.765191102784844,At Risk
14806,4.330733340286331,2.4849066497880004,5.269866450374021,At Risk
12783,1.0986122886681098,4.442651256490317,7.708370253328926,High Value
13429,2.4849066497880004,4.219507705176107,6.915525016246498,Regular
15154,4.330733340286331,4.276666119016055,5.542360981969988,Regular
13390,4.330733340286331,2.6390573296152584,6.30093257288162,At Risk
12925,1.791759469228055,3.828641396489095,6.5439837854231016,Regular
13927,4.330733340286331,3.091042453358316,5.857904582646717,At Risk
18205,3.6109179126442243,3.4965075614664802,6.2506699815672135,Regular
14908,4.31748811353631,2.302585092994046,5.630494678886369,At Risk
13639,4.31748811353631,3.6888794541139363,6.6805284022302915,Regular
15958,4.31748811353631,2.0794415416798357,4.6572881402501976,At Risk
15492,3.367295829986474,3.58351893845611,6.492936561946857,Regular
15243,4.31748811353631,3.1354942159291497,5.7610445868229965,At Risk
16468,4.31748811353631,1.0986122886681098,4.3294166844015844,At Risk
15344,0.6931471805599453,3.295836866004329,6.3367195308171205,Regular
13866,4.31748811353631,2.0794415416798357,4.988185165258664,At Risk
12612,4.31748811353631,2.995732273553991,6.558254538791405,Regular
16999,3.1780538303479458,3.1780538303479458,6.185838184926078,Regular
13514,4.31748811353631,1.6094379124341003,5.031744257306491,At Risk
13314,1.0986122886681098,4.143134726391533,6.655363127308804,High Value
17805,4.31748811353631,2.302585092994046,5.796027355166652,At Risk
18278,4.31748811353631,2.302585092994046,5.164214382024556,At Risk
13979,4.30406509320417,4.007333185232471,6.769492711981713,Regular
16181,4.30406509320417,2.4849066497880004,5.725348252570762,At Risk
15568,1.3862943611198906,3.9889840465642745,6.6323837861074395,High Value
16354,4.1588830833596715,3.6888794541139363,5.983432375410718,Regular
14412,3.784189633918261,3.784189633918261,6.647727283312172,Regular
16119,2.1972245773362196,2.833213344056216,6.050582151591071,Regular
14109,4.30406509320417,2.302585092994046,4.978112102390695,At Risk
16157,2.833213344056216,2.9444389791664403,6.488733695691184,Regular
15348,4.290459441148391,2.302585092994046,5.069155742908264,At Risk
16281,4.290459441148391,2.772588722239781,7.47180692820713,Regular
13924,1.0986122886681098,4.770684624465665,7.517439325540823,High Value
14434,3.1354942159291497,2.5649493574615367,7.225335901779781,Regular
13061,4.290459441148391,2.3978952727983707,5.519899699795292,At Risk
17513,4.290459441148391,1.9459101490553132,6.2426122948317895,At Risk
16909,4.290459441148391,2.8903717578961645,5.711684504552055,At Risk
16650,4.290459441148391,3.2188758248682006,6.252712804455737,Regular
18192,4.290459441148391,3.828641396489095,6.865859791808101,Regular
17447,3.713572066704308,3.6109179126442243,6.296243383424822,Regular
17427,4.290459441148391,1.0986122886681098,4.623010104116422,At Risk
15175,4.290459441148391,3.1780538303479458,5.416722430926658,At Risk
13960,3.091042453358316,2.5649493574615367,5.443369638247176,At Risk
17528,0.6931471805599453,5.537334267018537,8.196850176724896,High Value
16361,2.3978952727983707,4.653960350157523,6.793701530880624,High Value
13886,4.276666119016055,2.833213344056216,5.499460677582579,At Risk
13354,4.276666119016055,3.9512437185814275,6.612753146812557,Regular
15050,3.258096538021482,4.343805421853684,7.460887235093727,Regular
13503,4.276666119016055,2.8903717578961645,5.383806752563451,At Risk
16653,2.833213344056216,4.248495242049359,7.101395866495808,Regular
16574,4.276666119016055,3.367295829986474,6.11465515766318,Regular
13759,3.5263605246161616,3.258096538021482,6.492860854269306,Regular
17813,2.70805020110221,5.855071922202427,7.437836321529504,High Value
12718,4.276666119016055,2.995732273553991,5.477509030333064,At Risk
15949,2.8903717578961645,2.995732273553991,5.901868013296226,Regular
12703,4.276666119016055,3.091042453358316,5.650908985049133,At Risk
13364,4.276666119016055,2.3978952727983707,4.9123607248279155,At Risk
16268,4.276666119016055,3.828641396489095,6.5052607543188055,Regular
18053,4.276666119016055,3.044522437723423,5.707176707724217,At Risk
16101,4.276666119016055,4.343805421853684,7.16371445923797,Regular
18217,3.4011973816621555,3.4657359027997265,6.43414515414229,Regular
15565,3.9318256327243257,2.1972245773362196,5.159974416926292,At Risk
13954,1.0986122886681098,3.258096538021482,6.088863453095115,Regular
15593,4.276666119016055,1.791759469228055,5.302309387817574,At Risk
13095,4.276666119016055,1.9459101490553132,4.32280727501391,At Risk
15287,3.1354942159291497,2.995732273553991,6.029939790159768,Regular
13347,4.2626798770413155,2.1972245773362196,5.835862815013409,At Risk
15185,4.2626798770413155,3.091042453358316,5.741784496789209,At Risk
16404,4.2626798770413155,3.1780538303479458,6.095937168704513,Regular
16613,4.2626798770413155,3.4339872044851463,6.429057968967668,Regular
16591,4.248495242049359,2.3978952727983707,5.368309738368072,At Risk
15774,4.248495242049359,3.258096538021482,5.605066501717044,At Risk
13558,1.9459101490553132,5.135798437050262,6.389434973453886,High Value
16930,3.295836866004329,3.9889840465642745,5.9398817371306265,Regular
16533,2.995732273553991,5.176149732573829,6.988237889884059,High Value
18059,3.1780538303479458,2.9444389791664403,5.728344997484453,Regular
14488,4.23410650459726,3.8501476017100584,6.97099295438666,Regular
16747,3.6635616461296463,3.7612001156935624,6.729895752508072,Regular
14333,4.23410650459726,2.772588722239781,6.031165913959534,At Risk
13635,4.23410650459726,4.143134726391533,6.977309326313799,Regular
17330,3.1780538303479458,1.9459101490553132,5.899623343442402,At Risk
17321,2.1972245773362196,4.605170185988092,6.489448062860675,Regular
14815,3.6375861597263857,3.9889840465642745,6.658652688497831,Regular
15091,4.23410650459726,3.4339872044851463,6.177342273229703,Regular
15088,3.091042453358316,4.060443010546419,7.057097272731341,Regular
15930,4.219507705176107,3.091042453358316,6.058258335716989,At Risk
16183,4.219507705176107,2.772588722239781,5.828092312472438,At Risk
13297,2.1972245773362196,4.0943445622221,7.645325960844005,High Value
13801,4.219507705176107,3.1780538303479458,5.786283696167945,At Risk
17014,2.1972245773362196,4.290459441148391,6.370637013261223,Regular
15255,4.219507705176107,3.871201010907891,6.793297957004312,Regular
14184,4.219507705176107,3.2188758248682006,6.1178548779353035,Regular
13351,4.204692619390966,2.833213344056216,5.926766013169045,At Risk
15739,4.204692619390966,2.0794415416798357,5.8421521439209725,At Risk
12512,4.204692619390966,3.4657359027997265,4.891701596682476,At Risk
17957,4.204692619390966,3.4657359027997265,4.724551943008172,At Risk
15276,4.204692619390966,3.912023005428146,4.864684238611951,At Risk
15127,4.204692619390966,2.833213344056216,6.010114549603027,At Risk
16106,4.204692619390966,1.9459101490553132,4.694828057918627,At Risk
17666,1.6094379124341003,2.9444389791664403,6.591893186664721,Regular
13483,4.204692619390966,2.3978952727983707,4.951168335262708,At Risk
16478,3.258096538021482,2.8903717578961645,5.805134968916488,Regular
17382,4.189654742026425,1.0986122886681098,4.1956970564823886,At Risk
12789,4.189654742026425,1.6094379124341003,4.530985287798715,At Risk
16020,2.8903717578961645,3.8501476017100584,6.747598263849638,Regular
17222,4.189654742026425,3.332204510175204,5.798031485559308,At Risk
16803,4.189654742026425,3.2188758248682006,5.8090429853136945,At Risk
13947,4.189654742026425,1.791759469228055,4.517431271680085,At Risk
16758,4.189654742026425,3.1354942159291497,5.914421502609669,At Risk
12719,1.791759469228055,3.6888794541139363,6.47072210140631,Regular
17647,4.189654742026425,2.0794415416798357,4.8982874609298115,At Risk
14054,4.189654742026425,1.9459101490553132,4.53753353727228,At Risk
12723,1.6094379124341003,4.248495242049359,6.587646428909591,High Value
18033,4.189654742026425,3.5263605246161616,4.551980357473973,At Risk
13845,4.189654742026425,2.302585092994046,5.749329289612172,At Risk
15837,4.189654742026425,3.2188758248682006,5.97375871998905,At Risk
12628,1.6094379124341003,3.7376696182833684,6.668812575758953,Regular
13177,4.189654742026425,2.8903717578961645,5.6470357407703125,At Risk
14317,4.189654742026425,3.2188758248682006,6.233586857019973,Regular
16295,2.3978952727983707,4.382026634673881,7.192595818099261,High Value
13602,4.189654742026425,3.1780538303479458,6.063529362008149,Regular
16895,4.189654742026425,4.143134726391533,5.31453514457087,Regular
17295,3.4011973816621555,4.23410650459726,6.306275286948016,Regular
13504,4.174387269895637,3.1354942159291497,5.693496420787701,At Risk
13422,4.174387269895637,4.852030263919617,7.8737119818711125,Regular
15264,4.174387269895637,3.1780538303479458,5.978227320325962,At Risk
16432,4.174387269895637,2.0794415416798357,4.972587226458726,At Risk
13816,3.2188758248682006,3.367295829986474,6.3503096345809205,Regular
14518,4.174387269895637,2.833213344056216,5.166898027681201,At Risk
13882,1.3862943611198906,4.189654742026425,7.083496902081326,High Value
15937,4.174387269895637,2.0794415416798357,4.986001013137895,At Risk
12923,4.174387269895637,3.367295829986474,5.158020281009314,At Risk
16454,3.828641396489095,1.0986122886681098,2.066862759472976,At Risk
17453,2.9444389791664403,2.995732273553991,6.189741470692064,Regular
15766,4.174387269895637,2.4849066497880004,5.755932068980957,At Risk
15300,4.174387269895637,3.367295829986474,6.2094749463104435,Regular
13348,4.174387269895637,2.70805020110221,5.458563715690134,At Risk
14592,3.58351893845611,5.0689042022202315,6.326042132868397,Regular
17030,4.174387269895637,2.4849066497880004,4.996333509385396,At Risk
12420,4.174387269895637,3.4011973816621555,6.3992436425478765,Regular
14427,3.9318256327243257,2.8903717578961645,5.898087497602683,At Risk
14792,4.174387269895637,1.0986122886681098,1.9740810260220096,At Risk
12519,4.174387269895637,2.8903717578961645,5.804652925041163,At Risk
13359,4.174387269895637,3.1780538303479458,6.088046644954226,Regular
14138,1.0986122886681098,3.8501476017100584,6.874074392613249,High Value
15297,2.3978952727983707,3.6888794541139363,6.466051407286527,Regular
13876,4.174387269895637,2.0794415416798357,4.8178592793984425,At Risk
12740,4.174387269895637,3.332204510175204,6.060524083039477,Regular
17086,2.0794415416798357,4.564348191467836,7.518759213949313,High Value
13806,4.174387269895637,2.3978952727983707,5.550553592065519,At Risk
18096,2.5649493574615367,5.2832037287379885,6.745306935228424,High Value
13587,4.174387269895637,2.1972245773362196,6.570042272924791,At Risk
12856,2.1972245773362196,5.7430031878094825,7.683302386789297,High Value
13419,4.174387269895637,2.833213344056216,5.40294761562612,At Risk
17509,4.07753744390572,5.8998973535824915,8.713522841798035,High Value
16900,2.8903717578961645,4.382026634673881,6.789095609194309,Regular
13689,4.1588830833596715,1.9459101490553132,6.814542897259958,At Risk
13763,4.1588830833596715,2.772588722239781,7.447727969752915,Regular
13755,1.6094379124341003,5.7745515455444085,7.653997629576229,High Value
16104,4.143134726391533,3.367295829986474,5.701145668001697,At Risk
13259,4.143134726391533,4.406719247264253,5.64960784020993,Regular
16248,4.143134726391533,2.0794415416798357,5.036562916106171,At Risk
15612,3.6109179126442243,1.9459101490553132,5.278879672655561,At Risk
15787,3.295836866004329,5.303304908059076,6.839754772081388,Regular
16595,4.127134385045092,4.454347296253507,5.8893210734392785,Regular
13260,4.127134385045092,2.1972245773362196,6.325469456665338,At Risk
15821,3.8066624897703196,4.143134726391533,6.349069058864647,Regular
18088,4.127134385045092,3.6375861597263857,5.118173437001857,At Risk
16685,4.127134385045092,4.143134726391533,5.784563371339637,Regular
13193,4.127134385045092,3.258096538021482,4.72809553282539,At Risk
13212,3.044522437723423,4.955827057601261,6.669282330542903,Regular
14801,4.127134385045092,4.060443010546419,5.248811946644198,Regular
16380,4.127134385045092,3.4011973816621555,6.843739287968586,Regular
16921,4.127134385045092,4.02535169073515,5.044585733465803,At Risk
15193,4.127134385045092,2.995732273553991,6.215247893709531,Regular
14027,4.127134385045092,1.9459101490553132,4.661739537475985,At Risk
16179,4.127134385045092,2.4849066497880004,5.379113636376126,At Risk
15473,2.70805020110221,2.4849066497880004,7.479976991613202,Regular
17425,2.995732273553991,3.784189633918261,6.63354209247732,Regular
18169,4.127134385045092,2.302585092994046,5.316402834094422,At Risk
18126,4.127134385045092,3.970291913552122,5.307871579352848,Regular
16688,0.6931471805599453,4.143134726391533,7.1403421019236415,High Value
16982,4.127134385045092,3.1354942159291497,5.95339916630119,At Risk
15330,3.4965075614664802,2.3978952727983707,5.698300811086963,At Risk
17186,3.871201010907891,1.0986122886681098,4.976733742420574,At Risk
16776,4.110873864173311,4.276666119016055,5.920344414604856,Regular
13980,4.110873864173311,2.4849066497880004,5.304001183016334,At Risk
13352,4.110873864173311,3.2188758248682006,5.988911290320265,Regular
15553,4.110873864173311,4.02535169073515,6.06362240473809,Regular
15886,4.110873864173311,2.5649493574615367,5.204501070343752,At Risk
17203,3.6109179126442243,4.997212273764115,8.115676278916085,High Value
12607,4.110873864173311,4.624972813284271,7.3655028587473295,Regular
17459,3.784189633918261,4.718498871295094,6.489660754473831,Regular
12772,4.110873864173311,4.02535169073515,6.795112758210396,Regular
16561,1.9459101490553132,3.4657359027997265,6.238558972577978,Regular
14121,1.6094379124341003,5.075173815233827,7.930619790211972,High Value
12371,3.828641396489095,4.1588830833596715,7.543781692052325,Regular
17119,1.3862943611198906,3.58351893845611,6.410026844693401,Regular
17620,4.110873864173311,1.6094379124341003,4.412070756022258,At Risk
12824,4.110873864173311,3.258096538021482,5.986753467377863,Regular
14710,2.70805020110221,4.919980925828125,6.39772933538671,Regular
16120,4.0943445622221,3.4339872044851463,7.1778892807139885,Regular
14624,4.060443010546419,2.6390573296152584,5.424289006109973,At Risk
16171,4.0943445622221,1.3862943611198906,4.3067641501733345,At Risk
12536,3.784189633918261,5.568344503761097,9.441676670894656,High Value
13690,4.0943445622221,2.302585092994046,5.1547356380700124,At Risk
17934,3.970291913552122,3.091042453358316,6.558552349882105,Regular
14642,4.0943445622221,1.0986122886681098,4.575947327311188,At Risk
12602,4.0943445622221,2.5649493574615367,5.037731519757957,At Risk
16753,4.07753744390572,3.5553480614894135,5.415744783424001,At Risk
17737,2.302585092994046,2.3978952727983707,5.131317825851867,At Risk
13464,4.07753744390572,3.7376696182833684,6.515719591185634,Regular
18277,4.07753744390572,2.1972245773362196,4.7129477781615225,At Risk
12667,4.07753744390572,3.5263605246161616,6.431540399799522,Regular
12498,3.091042453358316,3.1780538303479458,6.00314605188182,Regular
14537,4.07753744390572,2.3978952727983707,5.876502528638301,At Risk
17279,4.07753744390572,2.302585092994046,5.240847139393487,At Risk
14251,1.0986122886681098,4.3694478524670215,7.965788599152331,High Value
12446,4.07753744390572,4.060443010546419,6.9110598129904375,Regular
12631,4.060443010546419,3.4657359027997265,6.463809184055691,Regular
14234,3.1354942159291497,4.997212273764115,6.626876677016689,Regular
14975,4.060443010546419,2.4849066497880004,5.638141123402764,At Risk
13853,4.060443010546419,3.1780538303479458,6.994978300240205,Regular
16773,4.060443010546419,3.295836866004329,5.150918839543312,At Risk
16430,4.060443010546419,1.9459101490553132,5.709930205242435,At Risk
16793,4.060443010546419,2.833213344056216,5.500604935982869,At Risk
18130,2.772588722239781,4.2626798770413155,6.966392043966783,Regular
17614,4.060443010546419,4.59511985013459,5.959251224743331,Regular
13858,4.060443010546419,2.4849066497880004,5.38068045697316,At Risk
14856,3.6109179126442243,4.189654742026425,7.163582841069827,Regular
14089,4.060443010546419,2.6390573296152584,5.073610093257644,At Risk
15478,3.713572066704308,3.8066624897703196,7.244884442636672,Regular
16413,4.060443010546419,3.4657359027997265,5.572914199451162,At Risk
13810,3.4011973816621555,3.58351893845611,7.313227053734746,Regular
16416,3.332204510175204,4.276666119016055,6.958828549166138,Regular
13006,4.04305126783455,1.6094379124341003,4.413646418429337,At Risk
17986,4.04305126783455,0.6931471805599453,3.0819099697950434,At Risk
12454,4.04305126783455,2.6390573296152584,7.979112842317026,Regular
14910,1.3862943611198906,3.4339872044851463,6.076150305274624,Regular
16243,3.5553480614894135,3.9512437185814275,6.016401032398013,Regular
13878,4.02535169073515,3.58351893845611,7.148793756734876,Regular
16934,4.02535169073515,4.127134385045092,6.837365003008744,Regular
15994,4.02535169073515,3.4965075614664802,6.028928911090341,Regular
14547,1.6094379124341003,5.87493073085203,8.287968688536026,High Value
16052,4.007333185232471,3.5553480614894135,5.894568109862285,Regular
15113,2.3978952727983707,4.564348191467836,8.13941425949299,High Value
12475,4.007333185232471,3.6109179126442243,6.585316116572351,Regular
13685,1.3862943611198906,3.367295829986474,3.087399462079815,At Risk
16542,4.007333185232471,1.791759469228055,4.792645108022841,At Risk
18042,4.007333185232471,2.0794415416798357,5.112288947822756,At Risk
16563,4.007333185232471,2.9444389791664403,6.74139368176691,Regular
17201,4.007333185232471,3.6635616461296463,5.672566967503279,Regular
17520,4.007333185232471,3.4339872044851463,6.305928511499892,Regular
13923,4.007333185232471,3.044522437723423,5.864000425598742,At Risk
16412,4.007333185232471,3.4339872044851463,4.919907930463299,At Risk
17205,4.007333185232471,2.4849066497880004,5.531807209916391,At Risk
17534,4.007333185232471,2.302585092994046,5.413251904640136,At Risk
15335,4.007333185232471,3.58351893845611,5.142949279314339,At Risk
17206,3.9889840465642745,2.0794415416798357,5.324180026073764,At Risk
15066,3.9889840465642745,3.7612001156935624,6.796365512756079,Regular
17785,3.9889840465642745,2.6390573296152584,4.889897898613436,At Risk
16932,3.9889840465642745,3.8918202981106265,5.018801856762649,At Risk
16363,3.9889840465642745,1.791759469228055,4.703747749349085,At Risk
14830,3.9889840465642745,3.6888794541139363,5.246392293683117,At Risk
17244,3.9889840465642745,3.4657359027997265,6.862653305069717,Regular
15355,3.4011973816621555,2.70805020110221,5.627800953633573,At Risk
15598,3.9889840465642745,2.70805020110221,5.487614537078416,At Risk
15637,3.9889840465642745,2.772588722239781,5.413251904640136,At Risk
16848,3.9889840465642745,2.70805020110221,5.643395324641106,At Risk
15678,3.9889840465642745,2.5649493574615367,5.868449096211435,At Risk
14015,3.9889840465642745,3.044522437723423,6.8225676924206855,Regular
13594,3.9889840465642745,3.295836866004329,5.986376625559036,Regular
15327,3.9889840465642745,2.3978952727983707,5.345916345347316,At Risk
14861,3.970291913552122,1.9459101490553132,4.842532174539857,At Risk
14554,2.3978952727983707,5.318119993844216,7.7321456111388525,High Value
12611,3.970291913552122,4.174387269895637,6.956850158625855,Regular
14179,3.7376696182833684,5.062595033026967,6.554745040371868,Regular
12863,3.970291913552122,1.791759469228055,6.258050656265029,At Risk
15604,3.970291913552122,2.8903717578961645,5.381692975469088,At Risk
14381,3.970291913552122,4.04305126783455,5.316550134809097,Regular
12572,2.302585092994046,4.110873864173311,6.928949094989139,Regular
16123,3.970291913552122,2.833213344056216,5.732629049213781,At Risk
16851,1.6094379124341003,3.044522437723423,5.839041540659891,Regular
17148,3.970291913552122,2.302585092994046,4.835329072196206,At Risk
17549,3.2188758248682006,1.9459101490553132,5.0097015249361645,At Risk
17973,3.970291913552122,2.772588722239781,5.823164231676282,At Risk
15610,3.970291913552122,1.9459101490553132,4.731450351898421,At Risk
15853,3.970291913552122,3.4339872044851463,4.716711560720999,At Risk
18019,3.970291913552122,1.791759469228055,3.6750340472918834,At Risk
14698,1.0986122886681098,5.303304908059076,7.105187098580444,High Value
15468,3.9512437185814275,3.2188758248682006,6.149557446167864,Regular
16826,3.9512437185814275,3.1354942159291497,5.836855428880563,At Risk
17824,3.9512437185814275,2.5649493574615367,5.55156326167869,At Risk
12522,3.6888794541139363,2.5649493574615367,5.266413817535028,At Risk
15803,3.9512437185814275,2.1972245773362196,6.032654473932845,At Risk
15006,3.9512437185814275,4.890349128221754,6.17665697899362,Regular
17350,2.1972245773362196,4.2626798770413155,7.156426216317626,High Value
14799,3.9512437185814275,2.6390573296152584,5.0670156275323635,At Risk
15814,2.8903717578961645,4.290459441148391,7.573700826991937,High Value
16260,3.9512437185814275,2.9444389791664403,6.9435566914455205,Regular
14638,3.9512437185814275,2.833213344056216,6.097175001530096,At Risk
17354,3.9512437185814275,2.833213344056216,7.239975632001093,Regular
15664,3.9512437185814275,2.8903717578961645,5.959535187313809,At Risk
13245,3.9512437185814275,2.833213344056216,6.067267510523482,At Risk
14923,3.9512437185814275,3.8066624897703196,6.620206530975591,Regular
16177,3.9318256327243257,2.772588722239781,5.807992328556631,At Risk
16284,3.4657359027997265,4.6443908991413725,6.70156716831734,Regular
16846,3.9318256327243257,2.4849066497880004,5.372125293692757,At Risk
14484,3.9318256327243257,2.70805020110221,5.777404614526815,At Risk
13897,3.9318256327243257,2.8903717578961645,5.743515876874802,At Risk
14585,3.9318256327243257,3.4011973816621555,5.062911438661627,At Risk
17125,3.9318256327243257,3.58351893845611,5.444579873526289,Regular
15836,3.9318256327243257,2.3978952727983707,4.929931256681293,At Risk
16313,1.3862943611198906,2.833213344056216,5.617316403505768,Regular
13460,3.4011973816621555,2.8903717578961645,5.217324207338505,At Risk
12403,3.9318256327243257,1.791759469228055,6.0607573736039315,At Risk
14967,3.9318256327243257,1.9459101490553132,6.141607205537701,At Risk
15286,3.9318256327243257,1.3862943611198906,5.4870764910004155,At Risk
17832,3.9318256327243257,4.127134385045092,5.052224993855419,Regular
12646,1.791759469228055,3.828641396489095,7.206355036031724,High Value
16015,1.6094379124341003,5.204006687076795,6.55897764050377,High Value
16311,2.9444389791664403,3.6375861597263857,6.425290328985104,Regular
15740,3.912023005428146,2.302585092994046,5.049086480470509,At Risk
13974,3.912023005428146,3.367295829986474,6.027290080077415,Regular
15677,3.912023005428146,3.5263605246161616,6.489554414321968,Regular
15000,3.8918202981106265,4.356708826689592,6.197502630519253,Regular
16017,3.871201010907891,3.4965075614664802,5.360728626669434,At Risk
13471,0.6931471805599453,5.541263545158426,7.825181366096544,High Value
13598,3.871201010907891,3.58351893845611,5.081652781331536,At Risk
18005,1.6094379124341003,3.9889840465642745,5.42701836156377,Regular
15427,3.5263605246161616,5.680172609017068,7.266506066865208,High Value
15022,2.5649493574615367,4.804021044733257,6.749216652850701,Regular
17111,3.871201010907891,3.4011973816621555,5.449363231421816,At Risk
17836,3.871201010907891,3.2188758248682006,4.71142030583075,At Risk
14629,1.6094379124341003,5.017279836814924,6.863029842602406,High Value
15592,3.871201010907891,3.2188758248682006,5.965069235748451,Regular
15277,3.871201010907891,2.5649493574615367,5.548686904115838,At Risk
16491,3.871201010907891,3.6888794541139363,6.596463340891223,Regular
15516,3.828641396489095,2.772588722239781,4.149936935645806,At Risk
14764,3.871201010907891,1.9459101490553132,5.632286472951131,At Risk
16742,3.871201010907891,0.6931471805599453,6.143971018822751,At Risk
15142,3.8501476017100584,3.295836866004329,6.214087963175304,Regular
17344,3.8501476017100584,3.4657359027997265,5.066511404655174,At Risk
18240,3.8501476017100584,1.9459101490553132,6.0487423982594555,At Risk
17081,3.258096538021482,4.1588830833596715,5.669570529986012,Regular
14474,3.8501476017100584,3.4011973816621555,6.3074789418267985,Regular
14139,3.8501476017100584,3.295836866004329,6.032654473932845,Regular
15844,3.8501476017100584,2.4849066497880004,4.880830283212546,At Risk
13176,3.8501476017100584,4.219507705176107,6.178960195175666,Regular
12398,3.8501476017100584,4.454347296253507,7.400412858792405,Regular
15345,3.8501476017100584,3.044522437723423,5.9777205293157225,Regular
16708,3.8501476017100584,3.332204510175204,6.488642463139346,Regular
15963,3.044522437723423,3.367295829986474,6.156470381692249,Regular
18045,3.828641396489095,3.784189633918261,5.189283445523902,Regular
13182,3.828641396489095,2.4849066497880004,4.805495367221621,At Risk
15158,3.828641396489095,2.0794415416798357,5.9974466187855295,At Risk
13028,3.1780538303479458,3.828641396489095,6.49574882283055,Regular
13978,2.772588722239781,2.772588722239781,5.287205861793318,At Risk
16056,3.828641396489095,4.204692619390966,6.479661052813611,Regular
12812,3.828641396489095,2.772588722239781,5.440858053330147,At Risk
16071,3.828641396489095,3.091042453358316,5.790693846645498,At Risk
14539,2.833213344056216,3.4965075614664802,6.288750355702458,Regular
14550,2.4849066497880004,3.871201010907891,6.631171393196389,Regular
17712,3.828641396489095,3.4011973816621555,6.261319913844147,Regular
14102,1.791759469228055,4.07753744390572,7.009300525748804,High Value
14598,3.8066624897703196,3.9318256327243257,5.40703723326228,Regular
15320,3.8066624897703196,3.58351893845611,5.290940222208987,At Risk
16415,3.8066624897703196,3.871201010907891,5.304647290242906,Regular
12448,3.8066624897703196,3.1354942159291497,6.110247083097449,Regular
12827,1.9459101490553132,3.258096538021482,6.066456057398334,Regular
16345,3.8066624897703196,3.6375861597263857,6.33940646897248,Regular
15993,2.302585092994046,6.298949246855942,7.929727674940442,High Value
17895,3.8066624897703196,2.772588722239781,4.569024739351738,At Risk
15948,2.1972245773362196,4.110873864173311,6.863008927569726,Regular
15659,3.8066624897703196,2.4849066497880004,5.7283124723994785,At Risk
18154,1.3862943611198906,3.091042453358316,5.991939434331194,Regular
12630,2.3978952727983707,4.174387269895637,7.1482513998271635,Regular
13363,2.9444389791664403,4.110873864173311,6.901234061991872,Regular
18276,3.8066624897703196,2.70805020110221,5.81966741377024,At Risk
17684,3.8066624897703196,2.772588722239781,5.482345799133678,At Risk
17878,3.8066624897703196,3.295836866004329,5.941354762622532,Regular
14752,3.8066624897703196,1.6094379124341003,5.203127179544288,At Risk
16847,3.784189633918261,2.5649493574615367,5.270123632177254,At Risk
14971,3.58351893845611,5.049856007249537,7.002137755875882,Regular
17545,3.784189633918261,4.955827057601261,6.466642267627447,Regular
16026,3.784189633918261,3.4965075614664802,5.468439815884993,Regular
16513,1.791759469228055,3.58351893845611,6.774897944843427,Regular
12430,3.784189633918261,2.4849066497880004,5.5506312951620265,At Risk
14357,3.784189633918261,3.713572066704308,5.42106583180709,Regular
16855,3.2188758248682006,2.995732273553991,5.79727281774354,Regular
16680,3.784189633918261,2.3978952727983707,5.218732887205194,At Risk
18035,3.6109179126442243,3.912023005428146,6.572128684704628,Regular
16648,3.784189633918261,2.995732273553991,5.675588740285419,At Risk
16164,2.8903717578961645,3.5553480614894135,6.713539262741108,Regular
14218,3.784189633918261,2.5649493574615367,5.1386179877903615,At Risk
15096,3.784189633918261,2.4849066497880004,5.3953987041986,At Risk
18030,1.6094379124341003,2.302585092994046,5.4452276118626575,Regular
14416,3.1354942159291497,2.70805020110221,6.1968920926164115,Regular
17839,3.7612001156935624,3.970291913552122,5.765661211702066,Regular
16601,3.7376696182833684,3.4339872044851463,5.495937960631161,Regular
12912,1.3862943611198906,3.2188758248682006,7.416558859796489,High Value
13278,3.7376696182833684,3.8501476017100584,6.298452800117238,Regular
14582,3.7376696182833684,1.9459101490553132,4.74588819292697,At Risk
15748,3.713572066704308,3.044522437723423,4.979213424087916,At Risk
16079,2.8903717578961645,3.044522437723423,6.851184927493743,Regular
17590,1.0986122886681098,5.2832037287379885,7.292350790785078,High Value
15054,2.5649493574615367,4.74493212836325,5.714062784063757,Regular
14158,3.713572066704308,3.7376696182833684,6.231779816930511,Regular
15385,3.713572066704308,2.5649493574615367,5.761673953071979,At Risk
16506,3.044522437723423,1.3862943611198906,4.514150787600923,At Risk
14295,3.713572066704308,1.791759469228055,5.119190700650601,At Risk
13822,1.9459101490553132,4.574710978503383,6.450470422144176,High Value
18067,3.713572066704308,3.6375861597263857,5.98476716966025,Regular
16190,3.713572066704308,1.9459101490553132,5.37564870948436,At Risk
15444,2.302585092994046,5.3706380281276624,7.252911132207154,High Value
13607,3.713572066704308,4.584967478670572,6.516947229467592,Regular
12581,3.713572066704308,2.772588722239781,5.291846475417725,At Risk
15360,3.713572066704308,2.6390573296152584,6.061293735451147,At Risk
13103,3.713572066704308,2.1972245773362196,5.501013282593141,At Risk
15667,3.713572066704308,2.6390573296152584,5.711486059041233,At Risk
13651,3.58351893845611,1.9459101490553132,4.55597994179732,At Risk
12552,3.6888794541139363,3.044522437723423,6.084089306213804,Regular
16127,3.6888794541139363,3.713572066704308,6.488064463609991,Regular
12588,3.6888794541139363,2.3978952727983707,5.3748153375207615,At Risk
15977,2.8903717578961645,4.174387269895637,6.907325186505626,Regular
13697,3.6888794541139363,2.5649493574615367,5.025852259901116,At Risk
14345,3.6888794541139363,1.9459101490553132,4.700298531079668,At Risk
17503,1.3862943611198906,3.6635616461296463,6.327865352606625,Regular
16830,3.6888794541139363,3.1780538303479458,5.789684903656904,Regular
17495,2.1972245773362196,3.332204510175204,6.211723943242329,Regular
12491,3.6888794541139363,3.295836866004329,6.134265345739653,Regular
14485,3.6888794541139363,3.8501476017100584,5.098646171418969,Regular
13868,3.6888794541139363,3.4965075614664802,6.231543875128394,Regular
15423,3.6635616461296463,1.0986122886681098,3.7954891891721947,At Risk
17668,0.6931471805599453,2.772588722239781,5.854355333135575,Regular
16971,3.6635616461296463,3.7376696182833684,5.881119406601529,Regular
16352,2.9444389791664403,3.367295829986474,6.205446256629806,Regular
16884,3.6635616461296463,3.295836866004329,6.0657367914825695,Regular
15830,3.6635616461296463,3.6888794541139363,6.3578422665081,Regular
14216,1.3862943611198906,4.0943445622221,7.517683880791149,High Value
15275,3.6635616461296463,3.7376696182833684,6.4234742104382585,Regular
16790,1.6094379124341003,4.543294782270004,7.343827183683202,High Value
15576,3.6635616461296463,3.784189633918261,6.826946444575113,Regular
18105,3.6635616461296463,2.9444389791664403,4.740400135248196,At Risk
18164,3.6375861597263857,3.2188758248682006,5.99308822822408,Regular
14974,3.6375861597263857,2.8903717578961645,4.510199948396864,At Risk
17947,3.6375861597263857,2.302585092994046,5.179984179586172,At Risk
13318,0.6931471805599453,3.044522437723423,6.464214402021743,Regular
18104,3.6375861597263857,3.6635616461296463,6.627565072288651,Regular
13271,3.6375861597263857,4.477336814478207,5.358894928433641,Regular
17595,2.5649493574615367,4.418840607796598,5.960206051205209,Regular
14528,3.6375861597263857,2.9444389791664403,5.900499911733888,Regular
17432,2.9444389791664403,3.8918202981106265,5.9047076831817,Regular
16337,3.6375861597263857,2.3978952727983707,5.024209414123374,At Risk
14098,3.6375861597263857,3.091042453358316,4.999574346736831,At Risk
15551,3.6375861597263857,3.4011973816621555,6.080070485442007,Regular
16347,2.4849066497880004,4.454347296253507,6.743411155418835,Regular
13721,3.6109179126442243,3.367295829986474,6.263664893709055,Regular
16322,0.6931471805599453,3.6375861597263857,5.792251122643809,Regular
17403,3.6109179126442243,3.4965075614664802,5.579427893616779,Regular
16914,3.6109179126442243,3.4339872044851463,5.2190576855624045,At Risk
16602,3.6109179126442243,3.4011973816621555,6.271139649157846,Regular
12544,3.6109179126442243,2.995732273553991,5.923453336491439,Regular
13914,2.5649493574615367,3.5263605246161616,6.441663986556317,Regular
13467,2.4849066497880004,4.59511985013459,6.978129862132399,High Value
17221,2.0794415416798357,4.143134726391533,5.815562342116211,Regular
17078,3.6109179126442243,3.367295829986474,5.938063770380866,Regular
13447,3.1780538303479458,4.0943445622221,7.030096797837492,Regular
15010,3.6109179126442243,3.044522437723423,5.736378730359189,At Risk
18022,3.6109179126442243,5.10594547390058,6.419538798077005,Regular
16318,3.58351893845611,2.995732273553991,5.796513573913885,At Risk
17274,3.58351893845611,3.258096538021482,4.689695141057779,At Risk
15597,3.58351893845611,3.1354942159291497,5.785577492291319,Regular
17233,3.58351893845611,3.258096538021482,5.256870176633863,At Risk
16887,3.58351893845611,3.6109179126442243,5.264398573344411,Regular
13938,3.58351893845611,2.0794415416798357,4.2857910267930555,At Risk
17084,3.58351893845611,5.0106352940962555,7.918988850472198,High Value
14882,3.332204510175204,2.4849066497880004,6.38130827431319,Regular
15017,3.5553480614894135,3.044522437723423,4.840874519347159,At Risk
12882,2.302585092994046,2.6390573296152584,7.288955016552379,Regular
17387,3.044522437723423,4.343805421853684,6.617148935013109,Regular
13727,3.4011973816621555,3.044522437723423,5.81257708704831,Regular
13532,3.5553480614894135,4.204692619390966,5.353326249578836,Regular
16445,3.5553480614894135,4.1588830833596715,5.444623069137621,Regular
15156,0.6931471805599453,4.02535169073515,6.869523676497577,High Value
16372,3.5263605246161616,4.532599493153256,5.876979193117597,Regular
17608,3.5263605246161616,4.04305126783455,5.2626383740910185,Regular
12638,3.5263605246161616,3.6888794541139363,6.511284599453549,Regular
14174,3.5263605246161616,3.295836866004329,4.908676393786758,At Risk
14039,3.5263605246161616,1.9459101490553132,5.0317442573064906,At Risk
13040,2.302585092994046,3.784189633918261,6.519132538569087,Regular
15883,1.0986122886681098,3.912023005428146,5.9851446183631625,Regular
14664,3.044522437723423,4.59511985013459,6.4571463507046944,Regular
15526,3.5263605246161616,1.6094379124341003,5.006894974480533,At Risk
17831,3.5263605246161616,1.0986122886681098,3.594568774642695,At Risk
15025,3.5263605246161616,4.219507705176107,5.894292635355709,Regular
12357,3.5263605246161616,4.882801922586371,8.733701981297274,High Value
17761,3.5263605246161616,2.995732273553991,6.570574791610563,Regular
15870,3.5263605246161616,4.31748811353631,5.864880394998529,Regular
14080,3.5263605246161616,1.6094379124341003,3.8416005411316,At Risk
17623,3.5263605246161616,3.5263605246161616,6.269190976192483,Regular
13673,2.995732273553991,4.110873864173311,5.962138717726154,Regular
14073,3.4965075614664802,2.6390573296152584,5.024143644121048,At Risk
16070,3.1354942159291497,3.5263605246161616,6.748935381973274,Regular
13066,3.2188758248682006,3.8918202981106265,6.1565551669735745,Regular
14929,3.4965075614664802,2.4849066497880004,5.415566926598276,At Risk
13710,3.4965075614664802,2.1972245773362196,5.201145454795763,At Risk
16732,3.4965075614664802,3.367295829986474,6.404815149490137,Regular
14140,1.6094379124341003,4.204692619390966,6.841668893854277,High Value
17219,3.4965075614664802,3.258096538021482,4.746930131025923,At Risk
15957,3.4965075614664802,3.7612001156935624,6.063529362008149,Regular
18123,3.2188758248682006,3.5553480614894135,6.355134965559101,Regular
15043,3.4657359027997265,1.3862943611198906,6.2878585601617845,At Risk
17313,3.4657359027997265,3.2188758248682006,7.7535548746739895,Regular
18216,3.4657359027997265,3.295836866004329,6.179498921308624,Regular
17022,3.4657359027997265,2.0794415416798357,4.276666119016055,At Risk
15153,3.4657359027997265,3.1354942159291497,5.799849943402434,Regular
16759,2.1972245773362196,3.7612001156935624,6.673032445794151,Regular
16751,3.4657359027997265,3.1354942159291497,6.247114009978451,Regular
12893,3.4657359027997265,3.4657359027997265,5.179252259389097,At Risk
14836,2.3978952727983707,1.9459101490553132,4.639088404191552,At Risk
17011,3.4339872044851463,2.772588722239781,5.605434351638425,At Risk
12532,3.4339872044851463,2.833213344056216,5.860301775655642,At Risk
17038,3.4339872044851463,3.1354942159291497,4.730921391293652,At Risk
14968,3.4339872044851463,3.6375861597263857,5.001190835268256,Regular
12504,2.9444389791664403,2.302585092994046,6.180120167963518,Regular
16516,3.4339872044851463,1.9459101490553132,4.631812116934513,At Risk
13522,3.4339872044851463,1.791759469228055,4.842611042003125,At Risk
15986,3.4339872044851463,2.70805020110221,5.1306085221219275,At Risk
13992,3.4339872044851463,1.791759469228055,4.354141431184346,At Risk
14354,1.9459101490553132,2.302585092994046,5.103639787544498,At Risk
16986,3.4339872044851463,1.0986122886681098,4.4331949212482815,At Risk
16953,3.4339872044851463,0.6931471805599453,3.0819099697950434,At Risk
18274,3.4339872044851463,2.4849066497880004,5.1756976530001255,At Risk
15450,3.4339872044851463,3.4339872044851463,6.0657367914825695,Regular
15531,2.1972245773362196,5.393627546352362,7.587508155013856,High Value
17500,2.8903717578961645,1.791759469228055,7.037905963447182,Regular
17197,3.4339872044851463,3.4011973816621555,6.921668046035439,Regular
16025,3.4339872044851463,3.367295829986474,6.0882736030360425,Regular
12659,3.4339872044851463,1.791759469228055,4.529152699564175,At Risk
17461,3.1780538303479458,4.672828834461906,6.602343628980946,Regular
17791,3.4339872044851463,2.3978952727983707,4.673762977453703,At Risk
15463,3.4011973816621555,2.0794415416798357,4.845288841508263,At Risk
17977,3.4011973816621555,3.091042453358316,5.6669109998802965,Regular
12617,3.4011973816621555,3.7376696182833684,5.869240414362608,Regular
14863,3.4011973816621555,2.4849066497880004,5.590091056903071,At Risk
16903,3.4011973816621555,4.04305126783455,5.897703167293508,Regular
12508,3.295836866004329,4.23410650459726,5.988660619775247,Regular
17502,2.302585092994046,3.367295829986474,6.536836514626557,Regular
12538,3.4011973816621555,3.091042453358316,5.899760357897641,Regular
17901,3.4011973816621555,2.995732273553991,4.7129477781615225,At Risk
14789,3.4011973816621555,1.9459101490553132,5.2914941411999115,At Risk
18209,3.4011973816621555,2.1972245773362196,4.942356453342962,At Risk
12985,0.6931471805599453,4.330733340286331,7.095213619881244,High Value
15557,3.4011973816621555,2.995732273553991,6.152541187005974,Regular
16433,3.367295829986474,2.8903717578961645,5.221760243825881,At Risk
15692,3.367295829986474,2.5649493574615367,5.25770368366274,At Risk
17052,3.367295829986474,4.430816798843313,5.9916895217992785,Regular
16368,1.0986122886681098,4.248495242049359,6.175680142411356,High Value
18014,3.367295829986474,3.4339872044851463,5.095098984041097,At Risk
13732,3.367295829986474,3.5263605246161616,6.200225158054739,Regular
13091,3.367295829986474,3.091042453358316,5.848805913370403,Regular
14661,3.332204510175204,1.6094379124341003,4.690889061390629,At Risk
13170,3.332204510175204,3.4339872044851463,4.698751599609622,At Risk
15654,2.302585092994046,3.091042453358316,6.828203284222655,Regular
13146,3.295836866004329,2.8903717578961645,5.437687927995845,At Risk
14788,2.0794415416798357,3.4339872044851463,6.522739647741382,Regular
13603,3.295836866004329,3.332204510175204,5.108003959824529,At Risk
14382,3.295836866004329,4.836281906951478,6.410980478438806,Regular
16720,3.295836866004329,3.258096538021482,5.0366278743705095,At Risk
14904,1.0986122886681098,4.23410650459726,6.817961853864683,High Value
14494,3.295836866004329,2.0794415416798357,4.945634443878841,At Risk
14902,3.295836866004329,3.044522437723423,5.810122510427528,Regular
16936,3.295836866004329,4.04305126783455,5.571773731735836,Regular
12938,3.295836866004329,2.302585092994046,4.7461487792476635,At Risk
15168,3.295836866004329,1.791759469228055,4.678048831400664,At Risk
17538,3.295836866004329,2.302585092994046,4.599353300666526,At Risk
18082,3.295836866004329,4.2626798770413155,6.524795026214043,Regular
18117,3.295836866004329,4.290459441148391,5.757797062962439,Regular
15458,3.258096538021482,2.0794415416798357,5.091539169320091,At Risk
17566,2.1972245773362196,4.962844630259907,6.769377877687473,High Value
16207,3.258096538021482,2.995732273553991,5.979847327767791,Regular
12762,2.1972245773362196,4.248495242049359,7.549356501658852,High Value
17793,3.258096538021482,3.970291913552122,5.708239195373142,Regular
17044,3.258096538021482,1.791759469228055,6.607568683169616,At Risk
14953,3.258096538021482,4.007333185232471,5.658331728418817,Regular
16504,3.258096538021482,4.430816798843313,6.14607226533442,Regular
12374,3.258096538021482,3.5263605246161616,6.6119469443852195,Regular
15009,2.5649493574615367,5.198497031265826,7.139208211567486,High Value
16423,3.258096538021482,2.9444389791664403,5.849670541490095,Regular
15419,3.258096538021482,2.1972245773362196,4.918958505524352,At Risk
17510,3.258096538021482,3.044522437723423,5.7348934696812535,Regular
15758,3.258096538021482,2.302585092994046,5.32908902521479,At Risk
15524,3.258096538021482,0.6931471805599453,6.089044875446846,At Risk
14725,3.258096538021482,3.871201010907891,6.487044544658406,Regular
14666,3.2188758248682006,2.70805020110221,5.279389356662517,At Risk
14714,3.2188758248682006,2.302585092994046,4.388878109622984,At Risk
17153,3.2188758248682006,2.70805020110221,5.369614248430071,At Risk
12950,1.0986122886681098,3.1354942159291497,7.438383530044307,High Value
15720,3.2188758248682006,4.859812404361672,6.3964795539357615,Regular
18181,3.2188758248682006,3.7376696182833684,5.907675246378274,Regular
15556,3.2188758248682006,3.4657359027997265,5.637535828837275,Regular
17357,3.2188758248682006,3.8066624897703196,5.954255808575653,Regular
12890,3.2188758248682006,4.382026634673881,5.934153180394868,Regular
13449,3.2188758248682006,2.995732273553991,5.679762968811981,Regular
15269,3.2188758248682006,1.0986122886681098,6.0156692358048,At Risk
14385,2.302585092994046,2.70805020110221,5.3137477042033945,Regular
15900,3.2188758248682006,3.871201010907891,5.8238739549140215,Regular
17680,3.2188758248682006,2.4849066497880004,5.2225156531317545,At Risk
13926,3.1780538303479458,2.4849066497880004,5.415433513216716,At Risk
16204,3.1780538303479458,3.9318256327243257,5.953710757496066,Regular
17835,1.3862943611198906,4.0943445622221,5.83842991093892,Regular
15432,3.1780538303479458,2.3978952727983707,5.148598518298095,At Risk
18006,3.1780538303479458,3.1354942159291497,6.09960120571256,Regular
15657,3.1780538303479458,0.6931471805599453,3.4339872044851463,At Risk
17237,2.4849066497880004,2.995732273553991,5.754760719420831,Regular
13160,3.1354942159291497,1.6094379124341003,4.530446639792155,At Risk
12847,3.1354942159291497,4.442651256490317,6.738910501075306,Regular
17397,3.1354942159291497,4.499809670330265,6.52563065023188,Regular
17985,3.1354942159291497,3.091042453358316,6.4494430383259855,Regular
14362,3.1354942159291497,3.6375861597263857,5.0271645960474665,Regular
13828,3.1354942159291497,2.772588722239781,5.349438146055751,At Risk
15435,3.1354942159291497,3.4011973816621555,5.012566760946003,At Risk
12445,3.1354942159291497,1.6094379124341003,4.900820428089049,At Risk
14641,3.1354942159291497,2.0794415416798357,4.7136657821413905,At Risk
12603,3.1354942159291497,1.0986122886681098,6.606920419952056,At Risk
12618,3.1354942159291497,2.4849066497880004,5.183523608545955,At Risk
15621,1.6094379124341003,2.833213344056216,7.165516658717914,Regular
12391,3.1354942159291497,4.543294782270004,6.0882736030360425,Regular
18034,3.1354942159291497,4.709530201312334,6.039492516118564,Regular
17286,3.1354942159291497,3.8066624897703196,5.026311773481264,Regular
17904,3.091042453358316,3.5553480614894135,5.204391228515873,Regular
17301,3.091042453358316,4.0943445622221,5.101328772710678,Regular
15368,3.091042453358316,1.3862943611198906,5.128121989551922,At Risk
14793,3.091042453358316,2.70805020110221,5.438035829717119,At Risk
17650,3.091042453358316,2.1972245773362196,5.118472739628975,At Risk
12702,3.044522437723423,2.5649493574615367,5.393627546352362,At Risk
14881,3.044522437723423,2.8903717578961645,5.546738725046515,Regular
16784,3.044522437723423,1.3862943611198906,4.687671407499835,At Risk
14052,3.044522437723423,4.04305126783455,5.422126652274323,Regular
18110,3.044522437723423,3.6375861597263857,5.297316866214453,Regular
17561,2.995732273553991,3.828641396489095,5.1127104187625525,Regular
15988,2.995732273553991,3.295836866004329,5.061201657666944,Regular
17523,2.4849066497880004,3.4339872044851463,5.753461132886748,Regular
14950,2.995732273553991,2.995732273553991,5.91943134420815,Regular
16666,2.995732273553991,3.4965075614664802,4.787325062224947,At Risk
14860,2.995732273553991,2.4849066497880004,5.14353315274717,At Risk
17636,2.995732273553991,3.044522437723423,5.657947938312402,Regular
13832,2.995732273553991,1.3862943611198906,3.9740583963475986,At Risk
13142,2.995732273553991,3.1780538303479458,5.7303919480814,Regular
16366,2.995732273553991,2.9444389791664403,5.793927824507547,Regular
14300,2.995732273553991,1.3862943611198906,3.7887247890836524,At Risk
12349,2.995732273553991,4.30406509320417,7.472244884833674,Regular
12658,2.995732273553991,3.6109179126442243,6.532407069777784,Regular
12795,2.995732273553991,2.70805020110221,6.067221159507229,Regular
15567,2.995732273553991,2.0794415416798357,5.231162091360629,At Risk
15645,2.995732273553991,3.970291913552122,6.418381249016855,Regular
16406,2.995732273553991,4.07753744390572,5.045680635839056,Regular
15857,2.995732273553991,2.70805020110221,5.697093486505405,Regular
12984,2.995732273553991,1.6094379124341003,4.590056548178043,At Risk
17253,2.9444389791664403,2.9444389791664403,5.188837265929216,At Risk
13739,2.9444389791664403,1.3862943611198906,5.384036241950574,At Risk
18139,2.9444389791664403,5.049856007249537,8.691035568017364,High Value
15274,1.6094379124341003,3.871201010907891,6.5758705038506235,Regular
17010,2.9444389791664403,2.4849066497880004,5.279949709189852,At Risk
15115,2.9444389791664403,3.091042453358316,5.832205005910728,Regular
17100,2.9444389791664403,4.189654742026425,6.880116831678181,Regular
15699,2.9444389791664403,2.9444389791664403,5.738666876509702,Regular
13403,2.9444389791664403,1.3862943611198906,4.330733340286331,At Risk
16956,2.9444389791664403,2.833213344056216,5.735733235888028,Regular
17600,2.9444389791664403,2.6390573296152584,5.091723608778362,At Risk
15877,1.0986122886681098,4.844187086458591,6.197115999797643,High Value
14424,2.9444389791664403,0.6931471805599453,5.777899970574095,At Risk
13322,2.8903717578961645,3.258096538021482,5.300714491147758,Regular
17297,2.8903717578961645,3.912023005428146,4.861206780604327,Regular
13986,2.8903717578961645,2.5649493574615367,5.484049766464073,At Risk
12920,2.8903717578961645,3.332204510175204,5.098524063842042,Regular
18249,2.8903717578961645,2.1972245773362196,4.567883601202075,At Risk
12586,2.8903717578961645,2.4849066497880004,5.2879639544685455,At Risk
15634,2.8903717578961645,2.772588722239781,5.499419786985366,At Risk
16376,2.302585092994046,4.812184355372417,6.883421601966684,High Value
16811,1.791759469228055,3.367295829986474,6.3064030160165885,Regular
12452,2.8903717578961645,3.1354942159291497,6.067429722163682,Regular
14581,2.8903717578961645,2.8903717578961645,4.938781190328272,At Risk
14675,2.833213344056216,4.584967478670572,6.392519946727447,Regular
17290,1.6094379124341003,4.574710978503383,6.242242720518832,High Value
16343,2.833213344056216,3.784189633918261,5.797819116582584,Regular
13638,2.833213344056216,2.1972245773362196,4.817374117263916,At Risk
16482,2.833213344056216,2.9444389791664403,5.400964203508179,Regular
12784,2.302585092994046,4.060443010546419,6.280058703484731,Regular
17458,2.772588722239781,4.007333185232471,5.760477818332746,Regular
14785,2.3978952727983707,1.3862943611198906,4.361823927356363,At Risk
17254,1.791759469228055,4.718498871295094,5.606500351849647,Regular
17767,2.772588722239781,3.091042453358316,5.6065370902173655,Regular
15725,2.772588722239781,3.4965075614664802,6.031286041294654,Regular
17247,2.772588722239781,4.007333185232471,5.6386749027510605,Regular
18184,2.772588722239781,0.6931471805599453,3.927896354584436,At Risk
15428,2.772588722239781,1.9459101490553132,4.551558416539442,At Risk
17727,2.772588722239781,4.204692619390966,6.967202737625557,Regular
14756,2.772588722239781,3.6635616461296463,6.606596130683188,Regular
16856,2.772588722239781,1.0986122886681098,3.594568774642695,At Risk
14703,2.772588722239781,3.1354942159291497,5.765723876196384,Regular
17385,2.772588722239781,3.828641396489095,5.549504008886889,Regular
12531,2.772588722239781,2.8903717578961645,4.838026416156094,At Risk
15872,2.772588722239781,4.6913478822291435,5.759690106594497,Regular
14966,2.772588722239781,3.6109179126442243,5.215044447354215,Regular
17232,1.3862943611198906,3.58351893845611,6.037321843192776,Regular
17468,2.3978952727983707,1.791759469228055,4.927253685157205,At Risk
13332,2.70805020110221,3.091042453358316,5.863347044327539,Regular
14946,2.70805020110221,1.3862943611198906,4.623991940228679,At Risk
13596,1.9459101490553132,4.990432586778736,6.499952440510379,High Value
16024,2.5649493574615367,4.1588830833596715,5.5295481280448655,Regular
14954,2.5649493574615367,4.356708826689592,5.689852569122703,Regular
17885,2.5649493574615367,3.9889840465642745,5.0584090689010965,Regular
14093,2.5649493574615367,4.61512051684126,6.075024140206913,Regular
14893,2.3978952727983707,4.30406509320417,7.121938808924836,High Value
15721,2.5649493574615367,4.442651256490317,6.157826084323207,Regular
17852,2.5649493574615367,3.2188758248682006,4.747884288187267,At Risk
13844,2.4849066497880004,3.044522437723423,5.893355453997663,Regular
12660,2.4849066497880004,2.6390573296152584,5.50573795739701,Regular
12479,2.4849066497880004,3.4657359027997265,6.269474999863032,Regular
15540,2.4849066497880004,2.772588722239781,5.367376902479531,Regular
17379,2.4849066497880004,4.3694478524670215,5.96799119092234,Regular
16800,2.4849066497880004,5.056245805348308,7.0593168957906745,High Value
17806,2.4849066497880004,3.784189633918261,6.304521925890991,Regular
17359,2.4849066497880004,2.772588722239781,4.858726543710496,At Risk
13188,2.4849066497880004,1.0986122886681098,4.750135956238277,At Risk
14480,2.4849066497880004,2.6390573296152584,5.634968158655841,Regular
13349,2.4849066497880004,2.833213344056216,5.514718236994854,Regular
15619,2.4849066497880004,1.3862943611198906,5.821269170111868,At Risk
15148,2.4849066497880004,3.044522437723423,5.711386821516136,Regular
14601,2.4849066497880004,2.0794415416798357,5.370451964307236,At Risk
15783,2.4849066497880004,2.70805020110221,5.510602174527371,Regular
17772,2.4849066497880004,3.9318256327243257,5.161638167632783,Regular
14126,2.1972245773362196,2.70805020110221,5.996078884658727,Regular
16479,2.3978952727983707,3.58351893845611,5.709863944972069,Regular
13428,2.3978952727983707,4.276666119016055,5.3121216475244335,Regular
15790,2.3978952727983707,3.5553480614894135,5.392490536565286,Regular
13521,0.6931471805599453,6.037870919922137,6.977962080025035,High Value
14349,2.3978952727983707,3.4657359027997265,4.901564199041894,Regular
18058,2.3978952727983707,1.3862943611198906,5.142598791548616,At Risk
12953,2.3978952727983707,2.8903717578961645,5.801665100458068,Regular
12966,2.3978952727983707,2.3978952727983707,5.0825217528963655,At Risk
15060,2.1972245773362196,4.7535901911063645,5.687822455077471,Regular
17911,2.302585092994046,3.6888794541139363,5.9059883547555305,Regular
14804,2.302585092994046,2.5649493574615367,5.8700593342813,Regular
15904,2.1972245773362196,3.4339872044851463,5.110058217087329,Regular
16789,2.1972245773362196,1.791759469228055,4.404277243608702,At Risk
12558,2.1972245773362196,2.4849066497880004,5.601971208509516,Regular
17942,2.1972245773362196,1.0986122886681098,4.363098624788363,At Risk
12587,2.1972245773362196,1.6094379124341003,4.976733742420574,At Risk
13560,2.0794415416798357,3.4965075614664802,5.149933360781779,Regular
15539,2.0794415416798357,3.7376696182833684,6.290568639224737,Regular
13017,2.0794415416798357,0.6931471805599453,5.3230099791384085,At Risk
18174,2.0794415416798357,0.6931471805599453,4.653960350157523,At Risk
13153,1.9459101490553132,2.772588722239781,6.188715766456242,Regular
15773,1.9459101490553132,2.302585092994046,5.00071962930888,At Risk
17936,1.791759469228055,4.290459441148391,5.943140524277792,Regular
16535,1.791759469228055,3.4657359027997265,6.388141149183067,Regular
16988,1.791759469228055,2.0794415416798357,4.845131522228461,At Risk
15097,1.6094379124341003,3.258096538021482,5.517774130004251,Regular
18015,1.6094379124341003,3.8501476017100584,4.7960384487505126,Regular
16597,1.6094379124341003,2.0794415416798357,4.511298970378021,At Risk
13790,1.6094379124341003,3.828641396489095,5.857361562584502,Regular
14219,1.6094379124341003,2.0794415416798357,4.510199948396864,At Risk
12367,1.6094379124341003,2.4849066497880004,5.135210028677887,Regular
17383,1.6094379124341003,3.912023005428146,5.269866450374021,Regular
12478,1.6094379124341003,3.6109179126442243,6.525014994979364,Regular
15992,1.6094379124341003,1.3862943611198906,3.76096753050819,At Risk
15318,1.6094379124341003,3.5263605246161616,5.748182061952885,Regular
17914,1.6094379124341003,4.330733340286331,5.800182968942516,Regular
16528,1.6094379124341003,2.8903717578961645,5.502930281242811,Regular
12442,1.3862943611198906,2.5649493574615367,5.153638355178593,Regular
16569,1.3862943611198906,1.791759469228055,4.829912458665998,At Risk
12650,1.3862943611198906,3.044522437723423,5.753968489569372,Regular
14578,1.3862943611198906,3.2188758248682006,5.133619594507631,Regular
14087,1.3862943611198906,4.23410650459726,5.259940297427033,Regular
14204,1.0986122886681098,3.6888794541139363,5.021311434093491,Regular
15471,1.0986122886681098,4.30406509320417,6.121351807942404,High Value
13436,1.0986122886681098,2.5649493574615367,5.287711320760812,Regular
15520,1.0986122886681098,2.9444389791664403,5.842094090453713,Regular
13298,0.6931471805599453,1.0986122886681098,5.8888779583328805,Regular
14569,0.6931471805599453,2.5649493574615367,5.431054693986231,Regular
12713,0.6931471805599453,3.6635616461296463,6.744706797531768,High Value
